component_name	display_name	slug	service_category	subcategory	surface	availability	official_website	evidence_url	evidence_type	source_date	catalogue_status	logo_decision	notes
-	GoTagihan – Pulsa	gotagihan-pulsa	Telco & Data	Taxonomy category	GoTagihan	GoPay app	-	https://www.gojek.com/id-id/help/gotagihan/apa-itu-gotagihan	current-help	2026-08-14	confirmed-current	research-only-generic	Category metadata only; import named operators below, not a guessed generic logo.
-	GoTagihan – Data Package	gotagihan-data-package	Telco & Data	Taxonomy category	GoTagihan	GoPay app	-	https://www.gojek.com/id-id/help/gotagihan/apa-itu-gotagihan	current-help	2026-08-14	confirmed-current	research-only-generic	Category metadata only; import named operators below, not a guessed generic logo.
-	GoTagihan – PLN Token	gotagihan-pln-token	Utilities & Bills	Taxonomy category	GoTagihan	GoPay app	-	https://www.gojek.com/id-id/help/gotagihan/apa-itu-gotagihan	current-help	2026-08-14	confirmed-current	research-only-generic	Category metadata only; PLN brand row is tracked separately.
-	GoTagihan – Electronic Money	gotagihan-electronic-money	E-money	Taxonomy category	GoTagihan	Android-only	-	https://www.gojek.com/id-id/help/gotagihan/apa-itu-gotagihan	current-help	2026-08-14	confirmed-current	research-only-generic	Android-only taxonomy category; named instruments are tracked separately.
-	GoTagihan – PLN	gotagihan-pln	Utilities & Bills	Taxonomy category	GoTagihan	GoPay app	-	https://www.gojek.com/id-id/help/gotagihan/apa-itu-gotagihan	current-help	2026-08-14	confirmed-current	research-only-generic	Category metadata only; use the named PLN provider row.
-	GoTagihan – PDAM	gotagihan-pdam	Utilities & Bills	Taxonomy category	GoTagihan	GoPay app	-	https://www.gojek.com/id-id/help/gotagihan/apa-itu-gotagihan	current-help	2026-08-14	confirmed-current	research-only-generic	PDAM is a directory of regional operators; no single canonical PDAM logo should be guessed.
-	GoTagihan – BPJS	gotagihan-bpjs	Utilities & Bills	Taxonomy category	GoTagihan	GoPay app	-	https://www.gojek.com/id-id/help/gotagihan/apa-itu-gotagihan	current-help	2026-08-14	confirmed-current	research-only-generic	Named BPJS Kesehatan row is tracked separately.
-	GoTagihan – Internet & Cable TV	gotagihan-internet-cable-tv	Internet & TV	Taxonomy category	GoTagihan	GoPay app	-	https://www.gojek.com/id-id/help/gotagihan/apa-itu-gotagihan	current-help	2026-08-14	confirmed-current	research-only-generic	Category metadata only; use named operators below.
-	GoTagihan – Phone Postpaid	gotagihan-phone-postpaid	Telco & Data	Taxonomy category	GoTagihan	GoPay app	-	https://www.gojek.com/id-id/help/gotagihan/apa-itu-gotagihan	current-help	2026-08-14	confirmed-current	research-only-generic	Category metadata only; named postpaid operators are tracked below.
-	GoTagihan – Multifinance / Credit Installment	gotagihan-multifinance	Finance & Insurance	Taxonomy category	GoTagihan	GoPay app	-	https://www.gojek.com/id-id/help/gotagihan/apa-itu-gotagihan	current-help	2026-08-14	confirmed-current	research-only-generic	Category metadata only; import named finance billers after current-app verification.
-	GoTagihan – E-Invoicing	gotagihan-e-invoicing	Education & Invoicing	Taxonomy category	GoTagihan	GoPay app	-	https://www.gojek.com/id-id/help/gotagihan/apa-itu-gotagihan	current-help	2026-08-14	confirmed-current	research-only-generic	Category metadata only; named e-invoicing providers are tracked below.
-	GoTagihan – PGN Gas	gotagihan-pgn-gas	Utilities & Bills	Taxonomy category	GoTagihan	GoPay app	-	https://www.gojek.com/id-id/help/gotagihan/apa-itu-gotagihan	current-help	2026-08-14	confirmed-current	research-only-generic	Category metadata only; named PGN provider row is tracked separately.
-	GoTagihan – Education	gotagihan-education	Education & Invoicing	Taxonomy category	GoTagihan	GoPay app	-	https://www.gojek.com/id-id/help/gotagihan/apa-itu-gotagihan	current-help	2026-08-14	confirmed-current	research-only-generic	Generic education category; school/provider list must be verified in-app before adding marks.
-	GoTagihan – Insurance	gotagihan-insurance	Finance & Insurance	Taxonomy category	GoTagihan	GoPay app	-	https://www.gojek.com/id-id/help/gotagihan/apa-itu-gotagihan	current-help	2026-08-14	confirmed-current	research-only-generic	Category metadata only; named insurance providers are tracked below.
-	GoTagihan – Streaming	gotagihan-streaming	Streaming & Subscriptions	Taxonomy category	GoTagihan	Android-only	-	https://www.gojek.com/id-id/help/gotagihan/apa-itu-gotagihan	current-help	2026-08-14	confirmed-current	research-only-generic	Android-only taxonomy category; named products and direct integrations are tracked below.
-	GoTagihan – Digital & Game Voucher	gotagihan-digital-game-voucher	Games & Vouchers	Taxonomy category	GoTagihan	Android-only	-	https://www.gojek.com/id-id/help/gotagihan/apa-itu-gotagihan	current-help	2026-08-14	confirmed-current	research-only-generic	Android-only taxonomy category; product brands are tracked below, not denominations/SKUs.
-	GoTagihan – TELKOM	gotagihan-telkom	Telco & Data	Taxonomy category	GoTagihan	GoPay app	-	https://www.gojek.com/id-id/help/gotagihan/apa-itu-gotagihan	current-help	2026-08-14	confirmed-current	research-only-generic	Category metadata only; Telkom fixed-line provider row is tracked separately.
-	GoTagihan – IPL	gotagihan-ipl	Utilities & Bills	Taxonomy category	GoTagihan	GoPay app	-	https://www.gojek.com/id-id/help/gotagihan/apa-itu-gotagihan	current-help	2026-08-14	confirmed-current	research-only-generic	IPL is a building/estate directory; no universal canonical IPL logo should be guessed.
-	GoTagihan – Pegadaian	gotagihan-pegadaian	Finance & Insurance	Taxonomy category	GoTagihan	GoPay app	-	https://www.gojek.com/id-id/help/gotagihan/apa-itu-gotagihan	current-help	2026-08-14	confirmed-current	research-only-generic	Category metadata only; named Pegadaian provider row is tracked separately.
-	GoTagihan – eKIR	gotagihan-ekir	Government & Public	Taxonomy category	GoTagihan	GoPay app	-	https://www.gojek.com/id-id/help/gotagihan/apa-itu-gotagihan	current-help	2026-08-14	confirmed-current	research-only-generic	Regional vehicle-testing services may use regional marks; verify a canonical provider before import.
-	GoTagihan – PBB	gotagihan-pbb	Government & Public	Taxonomy category	GoTagihan	GoPay app	-	https://www.gojek.com/id-id/help/gotagihan/apa-itu-gotagihan	current-help	2026-08-14	confirmed-current	research-only-generic	PBB is a regional tax directory; no universal PBB logo should be guessed.
-	GoTagihan – PKB	gotagihan-pkb	Government & Public	Taxonomy category	GoTagihan	GoPay app	-	https://www.gojek.com/id-id/help/gotagihan/apa-itu-gotagihan	current-help	2026-08-14	confirmed-current	research-only-generic	PKB/Samsat is regional; named Samsat regions are tracked separately.
-	GoTagihan – Retribution	gotagihan-retribution	Government & Public	Taxonomy category	GoTagihan	GoPay app	-	https://www.gojek.com/id-id/help/gotagihan/apa-itu-gotagihan	current-help	2026-08-14	confirmed-current	research-only-generic	Regional retribution directory; import only named current authorities.
-	GoTagihan – Regional Tax	gotagihan-regional-tax	Government & Public	Taxonomy category	GoTagihan	GoPay app	-	https://www.gojek.com/id-id/help/gotagihan/apa-itu-gotagihan	current-help	2026-08-14	confirmed-current	research-only-generic	Regional tax directory; import only named current authorities.
-	GoTagihan – Zakat & Donations	gotagihan-zakat-donations	Zakat & Donations	Taxonomy category	GoTagihan	GoPay app	-	https://gopay.co.id/blog/gopay-kembali-raih-penghargaan-dari-baznas-ri	current-official-article	2026-08-14	confirmed-current	research-only-generic	Generic category metadata; named organisations are tracked below.
Payment / ID / telco-data / telkomsel	Telkomsel	telkomsel	Telco & Data	Prepaid; Telkomsel Halo postpaid	GoTagihan; GoPay promo	GoPay app	https://www.telkomsel.com	https://gopay.co.id/promo/gopulsa-gopay	current-promo	2026-08-14	confirmed-current	fetch-provider-mark	Current GoPay promo catalogue lists Telkomsel; Halo postpaid is separately named in official GoTagihan terms.
Payment / ID / telco-data / indosat	Indosat (IM3)	indosat	Telco & Data	Prepaid; postpaid	GoTagihan; GoPay promo	GoPay app	https://im3.id	https://gopay.co.id/promo/gopulsa-gopay	current-promo	2026-08-14	confirmed-current	fetch-provider-mark	GoPay promo names Indosat; current consumer brand is IM3. Indosat postpaid is separately named in terms.
Payment / ID / telco-data / xl	XL	xl	Telco & Data	Prepaid; XL postpaid	GoTagihan; GoPay promo	GoPay app	https://www.xl.co.id	https://gopay.co.id/promo/gopulsa-gopay	current-promo	2026-08-14	confirmed-current	fetch-provider-mark	Current GoPay promo catalogue lists XL; XL postpaid is separately named in terms.
Payment / ID / telco-data / axis	AXIS	axis	Telco & Data	Prepaid	GoTagihan; GoPay promo	GoPay app	https://www.axis.co.id	https://gopay.co.id/promo/gopulsa-gopay	current-promo	2026-08-14	confirmed-current	fetch-provider-mark	Current GoPay promo catalogue lists AXIS.
Payment / ID / telco-data / tri	Tri	tri	Telco & Data	Prepaid; postpaid	GoTagihan; GoPay promo	GoPay app	https://tri.co.id	https://gopay.co.id/promo/gopulsa-gopay	current-promo	2026-08-14	confirmed-current	fetch-provider-mark	Current GoPay promo catalogue lists Tri; Tri postpaid is separately named in terms.
Payment / ID / telco-data / smartfren	Smartfren	smartfren	Telco & Data	Prepaid; postpaid	GoTagihan; GoPay promo	GoPay app	https://www.smartfren.com	https://gopay.co.id/promo/gopulsa-gopay	current-promo	2026-08-14	confirmed-current	fetch-provider-mark	Current GoPay promo catalogue lists Smartfren; Smartfren postpaid is separately named in terms.
Payment / ID / telco-data / by-u	by.U	by-u	Telco & Data	Prepaid	GoTagihan; GoPay promo	GoPay app	https://www.byu.id	https://gopay.co.id/promo/gopulsa-gopay	current-promo	2026-08-14	confirmed-current	fetch-provider-mark	Current GoPay promo catalogue lists by.U.
Payment / ID / telco-data / telkom-fixed-line	Telkom Fixed Line	telkom-fixed-line	Telco & Data	Fixed line postpaid	GoTagihan	GoPay app	https://www.telkom.co.id	https://www.gojek.com/id-id/terms-and-conditions/gobills	current-terms	2026-08-14	confirmed-current	fetch-provider-mark	Current GoTagihan terms snapshot (2026-08-14) names Telkom fixed-line billing; the dynamic in-app biller list remains the final availability check.
Payment / ID / telco-data / telkomsel-halo	Telkomsel Halo	telkomsel-halo	Telco & Data	Postpaid	GoTagihan	GoPay app	https://www.telkomsel.com/halo	https://www.gojek.com/id-id/terms-and-conditions/gobills	current-terms	2026-08-14	terms-only-review	review-source	Named in static GoTagihan terms; verify current in-app availability and whether Telkomsel uses the shared master mark.
Payment / ID / telco-data / xl-postpaid	XL Postpaid	xl-postpaid	Telco & Data	Postpaid	GoTagihan	GoPay app	https://www.xl.co.id	https://www.gojek.com/id-id/terms-and-conditions/gobills	current-terms	2026-08-14	terms-only-review	review-source	Named in static GoTagihan terms; current prepaid XL row is separately tracked.
Payment / ID / telco-data / indosat-postpaid	Indosat Postpaid	indosat-postpaid	Telco & Data	Postpaid	GoTagihan	GoPay app	https://im3.id	https://www.gojek.com/id-id/terms-and-conditions/gobills	current-terms	2026-08-14	terms-only-review	review-source	Named in static GoTagihan terms; current consumer brand is IM3 and must be checked before import.
Payment / ID / telco-data / smartfren-postpaid	Smartfren Postpaid	smartfren-postpaid	Telco & Data	Postpaid	GoTagihan	GoPay app	https://www.smartfren.com	https://www.gojek.com/id-id/terms-and-conditions/gobills	current-terms	2026-08-14	terms-only-review	review-source	Named in static GoTagihan terms; verify current in-app biller.
Payment / ID / telco-data / tri-postpaid	Tri Postpaid	tri-postpaid	Telco & Data	Postpaid	GoTagihan	GoPay app	https://tri.co.id	https://www.gojek.com/id-id/terms-and-conditions/gobills	current-terms	2026-08-14	terms-only-review	review-source	Named in static GoTagihan terms; verify current in-app biller.
Payment / ID / internet-tv / indihome	IndiHome	indihome	Internet & TV	Internet	GoTagihan; GoPay promo	GoPay app	https://www.indihome.co.id	https://gopay.co.id/promo/gotagihan-gopay	current-promo	2026-08-14	confirmed-current	fetch-provider-mark	Current GoPay promo catalogue lists IndiHome.
Payment / ID / internet-tv / biznet	Biznet	biznet	Internet & TV	Internet	GoTagihan; GoPay promo	GoPay app	https://www.biznetnetworks.com	https://gopay.co.id/promo/gotagihan-gopay	current-promo	2026-08-14	confirmed-current	fetch-provider-mark	Current GoPay promo catalogue lists Biznet; Biznet is also named in static terms.
Payment / ID / internet-tv / myrepublic	MyRepublic	myrepublic	Internet & TV	Internet	GoTagihan; GoPay promo	GoPay app	https://www.myrepublic.co.id	https://gopay.co.id/promo/gotagihan-gopay	current-promo	2026-08-14	confirmed-current	fetch-provider-mark	Current GoPay promo catalogue lists MyRepublic.
Payment / ID / internet-tv / xl-satu	XL Satu	xl-satu	Internet & TV	Internet	GoTagihan; GoPay promo	GoPay app	https://www.xl.co.id/satu	https://gopay.co.id/promo/gotagihan-gopay	current-promo	2026-08-14	confirmed-current	fetch-provider-mark	Current GoPay promo catalogue lists XL Satu; verify whether the master XL mark or product lockup is the canonical asset.
Payment / ID / internet-tv / cbn	CBN	cbn	Internet & TV	Internet	GoTagihan	GoPay app	https://cbn.id	https://www.gojek.com/id-id/terms-and-conditions/gobills	current-terms	2026-08-14	confirmed-current	fetch-provider-mark	Current GoTagihan terms snapshot (2026-08-14) names CBN; the dynamic in-app biller list remains the final availability check.
Payment / ID / internet-tv / first-media	First Media	first-media	Internet & TV	Cable TV; internet	GoTagihan	GoPay app	https://firstmedia.com	https://www.gojek.com/id-id/terms-and-conditions/gobills	current-terms	2026-08-14	terms-only-review	review-source	Current GoTagihan terms snapshot (2026-08-14) names First Media, but no clean canonical provider mark was retrievable in this pass; keep research-only until the current app and source asset are verified.
Payment / ID / internet-tv / k-vision	K-Vision	k-vision	Internet & TV	Satellite TV	GoTagihan	GoPay app	https://www.k-vision.tv	https://www.gojek.com/id-id/terms-and-conditions/gobills	current-terms	2026-08-14	confirmed-current	fetch-provider-mark	Current GoTagihan terms snapshot (2026-08-14) names K-Vision; the dynamic in-app biller list remains the final availability check.
Payment / ID / internet-tv / mnc-vision	MNC Vision	mnc-vision	Internet & TV	Satellite TV	GoTagihan	GoPay app	https://www.mncvision.id	https://www.gojek.com/id-id/terms-and-conditions/gobills	current-terms	2026-08-14	confirmed-current	fetch-provider-mark	Current GoTagihan terms snapshot (2026-08-14) names MNC Vision; the dynamic in-app biller list remains the final availability check.
Payment / ID / internet-tv / okevision	OkeVision	okevision	Internet & TV	Cable TV	GoTagihan	GoPay app	-	https://www.gojek.com/id-id/terms-and-conditions/gobills	current-terms	2026-08-14	terms-only-review	review-source	Static terms use OkeVision / OK Vision; confirm current brand or rebrand before sourcing.
Payment / ID / internet-tv / skynindo	Skynindo	skynindo	Internet & TV	Satellite TV	GoTagihan	GoPay app	https://www.skynindo.com	https://www.gojek.com/id-id/terms-and-conditions/gobills	current-terms	2026-08-14	terms-only-review	review-source	Current GoTagihan terms snapshot (2026-08-14) names Skynindo, but the automated candidate was a different Haari Drama mark; reject it and keep the row research-only until an exact canonical Skynindo asset is verified.
Payment / ID / internet-tv / top-tv	TOP TV / TOP Vision	top-tv	Internet & TV	Satellite TV	GoTagihan	GoPay app	https://www.topvision.tv	https://www.gojek.com/id-id/terms-and-conditions/gobills	current-terms	2026-08-14	terms-only-review	review-source	Static terms use TOP TV / TOP Vision; verify current product naming and mark.
Payment / ID / internet-tv / transvision	Transvision	transvision	Internet & TV	Satellite TV	GoTagihan	GoPay app	https://www.transvision.co.id	https://www.gojek.com/id-id/terms-and-conditions/gobills	current-terms	2026-08-14	confirmed-current	fetch-provider-mark	Current GoTagihan terms snapshot (2026-08-14) names Transvision; the dynamic in-app biller list remains the final availability check.
Payment / ID / internet-tv / wifi-id	WiFi.ID	wifi-id	Internet & TV	Wi-Fi voucher	GoTagihan	GoPay app	https://wifi.id	https://www.gojek.com/id-id/terms-and-conditions/gobills	current-terms	2026-08-14	terms-only-review	review-source	Current GoTagihan terms snapshot (2026-08-14) names WiFi.ID, but the public site did not expose a clean canonical provider mark in this pass; keep research-only until an exact asset is verified.
Payment / ID / utilities-bills / pln	PLN	pln	Utilities & Bills	Prepaid token; postpaid; non-taglis	GoTagihan; GoPay promo	GoPay app	https://pln.co.id	https://gopay.co.id/promo/gotagihan-gopay	current-promo	2026-08-14	confirmed-current	fetch-provider-mark	Current GoPay promo catalogue lists PLN and PLN Pascabayar; static terms also name PLN Token, Pascabayar, and Non-Taglis.
Payment / ID / utilities-bills / bpjs-kesehatan	BPJS Kesehatan	bpjs-kesehatan	Utilities & Bills	Health insurance bill	GoTagihan; GoPay promo	GoPay app	https://www.bpjs-kesehatan.go.id	https://gopay.co.id/promo/gotagihan-gopay	current-promo	2026-08-14	confirmed-current	fetch-provider-mark	Current GoPay promo catalogue lists BPJS; use the BPJS Kesehatan mark only after checking the current biller label.
Payment / ID / utilities-bills / pgn	PGN	pgn	Utilities & Bills	Gas bill	GoTagihan	GoPay app	https://pgn.co.id	https://www.gojek.com/id-id/terms-and-conditions/gobills	current-terms	2026-08-14	terms-only-review	review-source	Current GoTagihan terms snapshot (2026-08-14) names PGN, but the available public logo candidates were either blocked or historical; keep research-only until a current exact mark is verified.
Payment / ID / utilities-bills / pegadaian	Pegadaian	pegadaian	Utilities & Bills	Pawnshop/finance bill	GoTagihan	GoPay app	https://www.pegadaian.co.id	https://www.gojek.com/id-id/terms-and-conditions/gobills	current-terms	2026-08-14	confirmed-current	fetch-provider-mark	Current GoTagihan terms snapshot (2026-08-14) names Pegadaian; the dynamic in-app biller list remains the final availability check.
Payment / ID / e-money / mandiri-emoney	Mandiri e-money	mandiri-emoney	E-money	Balance top-up	GoTagihan; GoPay promo	GoPay app	https://www.bankmandiri.co.id/e-money	https://gopay.co.id/bantuan/pulsa-tagihan/cara-isi-saldo-emoney	current-help	2026-08-14	confirmed-current	fetch-provider-mark	Current GoPay help explicitly names Mandiri e-money; current promo page corroborates the product.
Payment / ID / e-money / bni-tapcash	BNI TapCash	bni-tapcash	E-money	Balance top-up	GoTagihan; GoPay promo	GoPay app	https://www.bni.co.id	https://gopay.co.id/bantuan/pulsa-tagihan/cara-isi-saldo-emoney	current-help	2026-08-14	confirmed-current	fetch-provider-mark	Current GoPay help explicitly names BNI TapCash; current promo page corroborates the product.
Payment / ID / e-money / flazz-bca	Flazz BCA	flazz-bca	E-money	Balance top-up	GoTagihan; GoPay promo	GoPay app	https://www.bca.co.id	https://gopay.co.id/bantuan/pulsa-tagihan/cara-isi-saldo-emoney	current-help	2026-08-14	confirmed-current	fetch-provider-mark	Current GoPay help explicitly names Flazz BCA; current promo page corroborates the product.
Payment / ID / e-money / kmt	KMT / Kartu Multi Trip	kmt	E-money	Balance top-up	GoTagihan; GoPay promo	GoPay app	-	https://gopay.co.id/promo/gotagihan-gopay	current-promo	2026-08-14	confirmed-conditional	review-source	Current promo exposes KMT, while the current e-money help page names only Mandiri e-money, BNI TapCash, and Flazz BCA; require in-app verification before import.
Payment / ID / finance-insurance / aeon	AEON	aeon	Finance & Insurance	Finance bill	GoTagihan	GoPay app	https://www.aeon.co.id	https://www.gojek.com/id-id/terms-and-conditions/gobills	current-terms	2026-08-14	confirmed-current	fetch-provider-mark	Current GoTagihan terms snapshot (2026-08-14) names AEON; the dynamic in-app biller list remains the final availability check.
Payment / ID / finance-insurance / bfi-finance	BFI Finance	bfi-finance	Finance & Insurance	Finance installment	GoTagihan	GoPay app	https://www.bfi.co.id	https://www.gojek.com/id-id/terms-and-conditions/gobills	current-terms	2026-08-14	confirmed-current	fetch-provider-mark	Current GoTagihan terms snapshot (2026-08-14) names BFI Finance; the dynamic in-app biller list remains the final availability check.
Payment / ID / finance-insurance / home-credit	Home Credit	home-credit	Finance & Insurance	Finance installment	GoTagihan	GoPay app	https://www.homecredit.co.id	https://gopay.co.id/blog/cara-bayar-home-credit	current-help	2026-08-14	confirmed-current	fetch-provider-mark	Current GoPay help documents Home Credit payment; the dynamic in-app biller list remains the final availability check.
Payment / ID / finance-insurance / mega-finance	Mega Finance	mega-finance	Finance & Insurance	Finance installment	GoTagihan	GoPay app	https://www.megafinance.co.id	https://www.gojek.com/id-id/terms-and-conditions/gobills	current-terms	2026-08-14	terms-only-review	review-source	Current GoTagihan terms snapshot (2026-08-14) names Mega Finance, but the official asset endpoint was unavailable in this pass; keep research-only until a current exact mark is verified.
Payment / ID / finance-insurance / mega-auto-finance	Mega Auto Finance	mega-auto-finance	Finance & Insurance	Auto finance	GoTagihan	GoPay app	https://www.megautofinance.co.id	https://www.gojek.com/id-id/terms-and-conditions/gobills	current-terms	2026-08-14	terms-only-review	review-source	Named in static GoTagihan terms; verify current in-app biller.
Payment / ID / finance-insurance / mega-central-finance	Mega Central Finance	mega-central-finance	Finance & Insurance	Finance installment	GoTagihan	GoPay app	https://www.megacentralfinance.com	https://www.gojek.com/id-id/terms-and-conditions/gobills	current-terms	2026-08-14	terms-only-review	review-source	Named in static GoTagihan terms; verify current in-app biller.
Payment / ID / finance-insurance / oto-kredit-motor	OTO Kredit Motor	oto-kredit-motor	Finance & Insurance	Auto finance	GoTagihan	GoPay app	https://www.oto.co.id	https://www.gojek.com/id-id/terms-and-conditions/gobills	current-terms	2026-08-14	confirmed-current	fetch-provider-mark	Current GoTagihan terms snapshot (2026-08-14) names OTO Kredit Motor; the dynamic in-app biller list remains the final availability check.
Payment / ID / finance-insurance / oto-kredit-mobil	OTO Kredit Mobil	oto-kredit-mobil	Finance & Insurance	Auto finance	GoTagihan	GoPay app	https://www.oto.co.id	https://www.gojek.com/id-id/terms-and-conditions/gobills	current-terms	2026-08-14	confirmed-current	fetch-provider-mark	Current GoTagihan terms snapshot (2026-08-14) names OTO Kredit Mobil; the dynamic in-app biller list remains the final availability check.
Payment / ID / finance-insurance / suzuki-finance	Suzuki Finance	suzuki-finance	Finance & Insurance	Auto finance	GoTagihan	GoPay app	https://www.sfi.co.id	https://www.gojek.com/id-id/terms-and-conditions/gobills	current-terms	2026-08-14	confirmed-current	fetch-provider-mark	Current GoTagihan terms snapshot (2026-08-14) names Suzuki Finance; the dynamic in-app biller list remains the final availability check.
Payment / ID / finance-insurance / prudential	Prudential	prudential	Finance & Insurance	Insurance premium	GoTagihan	GoPay app	https://www.prudential.co.id	https://www.gojek.com/id-id/terms-and-conditions/gobills	current-terms	2026-08-14	confirmed-current	fetch-provider-mark	Current GoTagihan terms snapshot (2026-08-14) names Prudential; the dynamic in-app biller list remains the final availability check.
Payment / ID / finance-insurance / takaful	Takaful	takaful	Finance & Insurance	Insurance premium	GoTagihan	GoPay app	https://takaful.co.id	https://www.gojek.com/id-id/terms-and-conditions/gobills	current-terms	2026-08-14	terms-only-review	review-source	Named in static GoTagihan terms; verify current in-app biller.
Payment / ID / government-public / ekir	eKIR	ekir	Government & Public	Vehicle inspection	GoTagihan	GoPay app	-	https://www.gojek.com/id-id/terms-and-conditions/gobills	current-terms	2026-08-14	terms-only-review	review-source	Static terms name eKIR as a service category; regional authority/logo must be verified in-app.
Payment / ID / government-public / samsat-jatim	SAMSAT JATIM	samsat-jatim	Government & Public	PKB; regional Samsat	GoTagihan	GoPay app	https://bapenda.jatimprov.go.id	https://www.gojek.com/id-id/terms-and-conditions/gobills	current-terms	2026-08-14	confirmed-current	fetch-provider-mark	Current GoTagihan terms snapshot (2026-08-14) names SAMSAT JATIM; use the official regional Bapenda mark and keep app availability dated.
Payment / ID / government-public / samsat-jateng	SAMSAT JATENG	samsat-jateng	Government & Public	PKB; regional Samsat	GoTagihan	GoPay app	https://samsat.jatengprov.go.id	https://www.gojek.com/id-id/terms-and-conditions/gobills	current-terms	2026-08-14	confirmed-current	fetch-provider-mark	Current GoPay terms snapshot (2026-08-14) names SAMSAT JATENG; use the official regional Samsat mark and keep app availability dated.
Payment / ID / government-public / samsat-jabar	SAMSAT JABAR	samsat-jabar	Government & Public	PKB; regional Samsat	GoTagihan	GoPay app	https://bapenda.jabarprov.go.id	https://www.gojek.com/id-id/terms-and-conditions/gobills	current-terms	2026-08-14	confirmed-current	fetch-provider-mark	Current GoPay terms snapshot (2026-08-14) names SAMSAT JABAR; use the official regional Bapenda mark and keep app availability dated.
Payment / ID / government-public / samsat-banten	SAMSAT BANTEN	samsat-banten	Government & Public	PKB; regional Samsat	GoTagihan	GoPay app	https://bapenda.bantenprov.go.id	https://www.gojek.com/id-id/terms-and-conditions/gobills	current-terms	2026-08-14	confirmed-current	fetch-provider-mark	Current GoPay terms snapshot (2026-08-14) names SAMSAT BANTEN; use the official regional Bapenda mark and keep app availability dated.
Payment / ID / government-public / samsat-sumut	SAMSAT SUMUT	samsat-sumut	Government & Public	PKB; regional Samsat	GoTagihan	GoPay app	https://bapenda.sumutprov.go.id	https://www.gojek.com/id-id/terms-and-conditions/gobills	current-terms	2026-08-14	confirmed-current	fetch-provider-mark	Current GoPay terms snapshot (2026-08-14) names SAMSAT SUMUT; use the official regional Bapenda mark and keep app availability dated.
Payment / ID / government-public / samsat-sulsel	SAMSAT SULSEL	samsat-sulsel	Government & Public	PKB; regional Samsat	GoTagihan	GoPay app	-	https://www.gojek.com/id-id/terms-and-conditions/gobills	current-terms	2026-08-14	terms-only-review	review-source	Named in static GoTagihan terms; use the current regional authority mark only after in-app verification.
Payment / ID / education-invoicing / spil	SPIL	spil	Education & Invoicing	E-invoicing	GoTagihan	GoPay app	https://www.spil.co.id	https://www.gojek.com/id-id/terms-and-conditions/gobills	current-terms	2026-08-14	confirmed-current	fetch-provider-mark	Current GoTagihan terms snapshot (2026-08-14) names SPIL as an E-Invoicing provider; the dynamic in-app biller list remains the final availability check.
Payment / ID / education-invoicing / paper-id	Paper.id	paper-id	Education & Invoicing	E-invoicing	GoTagihan	GoPay app	https://paper.id	https://www.gojek.com/id-id/terms-and-conditions/gobills	current-terms	2026-08-14	confirmed-current	fetch-provider-mark	Current GoTagihan terms snapshot (2026-08-14) names Paper.id as an E-Invoicing provider; the dynamic in-app biller list remains the final availability check.
Payment / ID / streaming-subscriptions / netflix	Netflix	netflix	Streaming & Subscriptions	Subscription	Direct GoPay integration	GoPay app	https://www.netflix.com	https://www.gojek.com/id-id/help/gopay/pembayaran-di-netflix	current-help	2026-08-14	confirmed-current	fetch-provider-mark	Current official GoPay help documents Netflix payment through GoPay.
Payment / ID / streaming-subscriptions / spotify	Spotify	spotify	Streaming & Subscriptions	Subscription; entertainment voucher	Direct GoPay integration; GoPay Games; GoTagihan terms	GoPay app	https://www.spotify.com	https://www.gojek.com/id-id/help/gopay/pembayaran-di-aplikasi-spotify	current-help	2026-08-14	confirmed-current	fetch-provider-mark	Current official GoPay help documents Spotify payment; GoPay Games also lists a Spotify US product.
Payment / ID / streaming-subscriptions / disney-plus	Disney+	disney-plus	Streaming & Subscriptions	Subscription	Direct GoPay integration	GoPay app	https://www.disneyplus.com	https://www.gojek.com/id-id/help/gopay/pembayaran-di-disney-plus	current-help	2026-08-14	confirmed-current	fetch-provider-mark	Current official GoPay help index lists Disney+ payment through GoPay; verify exact live flow before import.
Payment / ID / streaming-subscriptions / youtube-premium	YouTube Premium / Music	youtube-premium	Streaming & Subscriptions	Subscription	Direct GoPay integration	GoPay app	https://www.youtube.com/premium	https://www.gojek.com/id-id/help/gopay/pembayaran-di-youtube-premium	current-help	2026-08-14	confirmed-current	fetch-provider-mark	Current official GoPay help index lists YouTube Premium/Music payment through GoPay.
Payment / ID / streaming-subscriptions / apple-services	Apple Services	apple-services	Streaming & Subscriptions	Subscription	Direct GoPay integration	GoPay app	https://www.apple.com/services/	https://www.gojek.com/id-id/help/gopay/pembayaran-di-apple-services	current-help	2026-08-14	confirmed-current	fetch-provider-mark	Current official GoPay help index lists Apple Services; use the Apple Services mark, not an App Store tile.
Payment / ID / streaming-subscriptions / vidio	Vidio	vidio	Streaming & Subscriptions	Streaming; entertainment voucher	GoPay Games; GoTagihan terms	GoPay app	https://www.vidio.com	https://gopay.co.id/games	live-catalog	2026-08-14	confirmed-current	fetch-provider-mark	Current GoPay Games catalogue lists Vidio; historical FIFA variants are treated as product variants/SKUs, not separate components.
Payment / ID / streaming-subscriptions / viu	Viu Premium	viu	Streaming & Subscriptions	Streaming; entertainment voucher	GoPay Games; GoTagihan terms	GoPay app	https://www.viu.com	https://gopay.co.id/games	live-catalog	2026-08-14	confirmed-current	fetch-provider-mark	Current GoPay Games catalogue lists Viu Premium; static terms also list VIU.
Payment / ID / streaming-subscriptions / iqiyi	iQIYI	iqiyi	Streaming & Subscriptions	Entertainment voucher	GoPay Games	GoPay app	https://www.iq.com	https://gopay.co.id/games	live-catalog	2026-08-14	confirmed-current	fetch-provider-mark	Current GoPay Games Entertainment catalogue lists iQIYI.
Payment / ID / streaming-subscriptions / tiktok-live	TikTok Live Gift Card	tiktok-live	Streaming & Subscriptions	Entertainment voucher	GoPay Games	GoPay app	https://www.tiktok.com	https://gopay.co.id/games	live-catalog	2026-08-14	confirmed-current	fetch-provider-mark	Current GoPay Games Entertainment catalogue lists TikTok Live Gift Card; do not use a social-app tile.
Payment / ID / streaming-subscriptions / poppo-live	Poppo Live	poppo-live	Streaming & Subscriptions	Entertainment voucher	GoPay Games	GoPay app	https://www.poppo.com	https://gopay.co.id/games	live-catalog	2026-08-14	confirmed-current	fetch-provider-mark	Current GoPay Games Entertainment catalogue lists Poppo Live.
Payment / ID / streaming-subscriptions / idn-app	IDN App	idn-app	Streaming & Subscriptions	Entertainment voucher	GoPay Games	GoPay app	https://www.idn.app	https://gopay.co.id/games	live-catalog	2026-08-14	confirmed-current	fetch-provider-mark	Current GoPay Games Entertainment catalogue lists IDN App; verify the canonical product mark.
Payment / ID / streaming-subscriptions / wetv	WeTV	wetv	Streaming & Subscriptions	Entertainment voucher	GoPay Games	GoPay app	https://wetv.vip	https://gopay.co.id/games	live-catalog	2026-08-14	confirmed-current	fetch-provider-mark	Current GoPay Games Entertainment catalogue lists WeTV.
Payment / ID / streaming-subscriptions / bstation-bilibili	Bstation / Bilibili	bstation-bilibili	Streaming & Subscriptions	Entertainment voucher	GoPay Games	GoPay app	https://www.bilibili.tv	https://gopay.co.id/games	live-catalog	2026-08-14	confirmed-current	fetch-provider-mark	Current GoPay Games Entertainment catalogue lists Bstation/Bilibili; choose the current regional brand lockup.
Payment / ID / streaming-subscriptions / bigo-live	Bigo Live	bigo-live	Streaming & Subscriptions	Entertainment voucher	GoPay Games	GoPay app	https://www.bigo.tv	https://gopay.co.id/games	live-catalog	2026-08-14	confirmed-current	fetch-provider-mark	Current GoPay Games Entertainment catalogue lists Bigo Live; do not use an app-store tile.
Payment / ID / streaming-subscriptions / folaplay	Folaplay	folaplay	Streaming & Subscriptions	Entertainment voucher	GoPay Games	GoPay app	https://folaplay.com	https://gopay.co.id/games	live-catalog	2026-08-14	confirmed-current	fetch-provider-mark	Current GoPay Games Entertainment catalogue lists Folaplay; verify canonical mark before fetch.
Payment / ID / streaming-subscriptions / chamet	Chamet	chamet	Streaming & Subscriptions	Entertainment voucher	GoPay Games	GoPay app	https://www.chamet.com	https://gopay.co.id/games	live-catalog	2026-08-14	confirmed-current	fetch-provider-mark	Current GoPay Games Entertainment catalogue lists Chamet; do not use an app-store tile.
Payment / ID / streaming-subscriptions / tinder	Tinder	tinder	Streaming & Subscriptions	Subscription	GoTagihan terms	GoPay app	https://www.tinder.com	https://www.gojek.com/id-id/terms-and-conditions/gobills	current-terms	2026-08-14	terms-only-review	review-source	Named in static GoTagihan terms; verify current in-app availability and direct GoPay billing.
Payment / ID / streaming-subscriptions / bein-sports-connect	beIN SPORTS CONNECT	bein-sports-connect	Streaming & Subscriptions	Subscription	GoTagihan terms	GoPay app	https://connect.beinsports.com	https://www.gojek.com/id-id/terms-and-conditions/gobills	current-terms	2026-08-14	terms-only-review	review-source	Named in static GoTagihan terms; verify current in-app availability.
Payment / ID / streaming-subscriptions / genflix	Genflix	genflix	Streaming & Subscriptions	Streaming	GoTagihan terms	GoPay app	https://www.genflix.co.id	https://www.gojek.com/id-id/terms-and-conditions/gobills	current-terms	2026-08-14	terms-only-review	review-source	Named in static GoTagihan terms; verify current in-app availability and current canonical mark.
Payment / ID / streaming-subscriptions / canva	Canva	canva	Streaming & Subscriptions	Subscription	GoPay payment article	GoPay app	https://www.canva.com	https://gopay.co.id/blog/metode-pembayaran-cadangan	current-official-article	2026-08-14	terms-only-review	review-source	A current GoPay article mentions subscription payments such as Canva; retain for app/payment-flow verification before import.
Payment / ID / streaming-subscriptions / goplay	GoPlay	goplay	Streaming & Subscriptions	Streaming	GoTagihan terms	GoPay app	-	https://www.gojek.com/id-id/terms-and-conditions/gobills	current-terms	2026-08-14	legacy	exclude	Static terms name GoPlay, but the product is treated as a likely legacy entry pending current-app evidence; do not fetch yet.
Payment / ID / games-vouchers / mobile-legends	Mobile Legends: Bang Bang	mobile-legends	Games & Vouchers	Mobile game	GoPay Games	GoPay app	https://en.moonton.com	https://gopay.co.id/games	live-catalog	2026-08-14	confirmed-current	fetch-provider-mark	Current GoPay Games catalogue lists Mobile Legends: Bang Bang; use the game brand, not a store tile.
Payment / ID / games-vouchers / free-fire	Free Fire	free-fire	Games & Vouchers	Mobile game	GoPay Games	GoPay app	https://ff.garena.com	https://gopay.co.id/games	live-catalog	2026-08-14	confirmed-current	fetch-provider-mark	Current GoPay Games catalogue lists Free Fire.
Payment / ID / games-vouchers / free-fire-max	Free Fire MAX	free-fire-max	Games & Vouchers	Mobile game	GoPay Games	GoPay app	https://ff.garena.com	https://gopay.co.id/games	live-catalog	2026-08-14	confirmed-current	fetch-provider-mark	Current GoPay Games catalogue lists Free Fire MAX as a separate product brand.
Payment / ID / games-vouchers / roblox	Roblox	roblox	Games & Vouchers	Voucher code	GoPay Games	GoPay app	https://www.roblox.com	https://gopay.co.id/games	live-catalog	2026-08-14	confirmed-current	fetch-provider-mark	Current GoPay Games catalogue lists Roblox Voucher Code; denominations/SKUs are excluded.
Payment / ID / games-vouchers / magic-chess-go-go	Magic Chess: Go Go	magic-chess-go-go	Games & Vouchers	Mobile game	GoPay Games	GoPay app	-	https://gopay.co.id/games	live-catalog	2026-08-14	confirmed-current	review-source	Current GoPay Games catalogue lists Magic Chess: Go Go; verify canonical title mark before fetch.
Payment / ID / games-vouchers / pubg-mobile	PUBG Mobile	pubg-mobile	Games & Vouchers	Mobile game; voucher	GoPay Games	GoPay app	https://www.pubgmobile.com	https://gopay.co.id/games	live-catalog	2026-08-14	confirmed-current	fetch-provider-mark	Current GoPay Games catalogue lists PUBG Mobile and PUBG Mobile Voucher; one brand row covers both product surfaces.
Payment / ID / games-vouchers / genshin-impact	Genshin Impact	genshin-impact	Games & Vouchers	Mobile game	GoPay Games	GoPay app	https://www.hoyoverse.com	https://gopay.co.id/games	live-catalog	2026-08-14	confirmed-current	fetch-provider-mark	Current GoPay Games catalogue lists Genshin Impact.
Payment / ID / games-vouchers / valorant	Valorant	valorant	Games & Vouchers	PC game	GoPay Games; GoTagihan terms	GoPay app	https://playvalorant.com	https://gopay.co.id/games	live-catalog	2026-08-14	confirmed-current	fetch-provider-mark	Current GoPay Games catalogue lists Valorant; static terms also name it.
Payment / ID / games-vouchers / ea-sports-fc-mobile	EA SPORTS FC Mobile	ea-sports-fc-mobile	Games & Vouchers	Mobile game	GoPay Games	GoPay app	https://www.ea.com/games/ea-sports-fc/fc-mobile	https://gopay.co.id/games	live-catalog	2026-08-14	confirmed-current	fetch-provider-mark	Current GoPay Games catalogue lists EA SPORTS FC Mobile.
Payment / ID / games-vouchers / efootball	eFootball	efootball	Games & Vouchers	Mobile game	GoPay Games	GoPay app	https://www.konami.com/efootball	https://gopay.co.id/games	live-catalog	2026-08-14	confirmed-current	fetch-provider-mark	Current GoPay Games catalogue lists eFootball Powered by Google Play; use the eFootball mark, not Google Play branding.
Payment / ID / games-vouchers / honor-of-kings	Honor of Kings	honor-of-kings	Games & Vouchers	Mobile game	GoPay Games	GoPay app	https://www.honorofkings.com	https://gopay.co.id/games	live-catalog	2026-08-14	confirmed-current	fetch-provider-mark	Current GoPay Games catalogue lists Honor of Kings.
Payment / ID / games-vouchers / blood-strike	Blood Strike	blood-strike	Games & Vouchers	Mobile game	GoPay Games	GoPay app	https://www.blood-strike.com	https://gopay.co.id/games	live-catalog	2026-08-14	confirmed-current	fetch-provider-mark	Current GoPay Games catalogue lists Blood Strike.
Payment / ID / games-vouchers / football-master-2	Football Master 2	football-master-2	Games & Vouchers	Mobile game	GoPay Games	GoPay app	-	https://gopay.co.id/games	live-catalog	2026-08-14	confirmed-current	review-source	Current GoPay Games catalogue lists Football Master 2; verify canonical title mark before fetch.
Payment / ID / games-vouchers / football-dream-be-a-pro	Football Dream: Be A Pro	football-dream-be-a-pro	Games & Vouchers	Mobile game	GoPay Games	GoPay app	-	https://gopay.co.id/games	live-catalog	2026-08-14	confirmed-current	review-source	Current GoPay Games catalogue lists Football Dream: Be A Pro; verify canonical title mark before fetch.
Payment / ID / games-vouchers / point-blank	Point Blank	point-blank	Games & Vouchers	PC game; voucher cash	GoPay Games	GoPay app	https://pointblank.id	https://gopay.co.id/games	live-catalog	2026-08-14	confirmed-current	fetch-provider-mark	Current GoPay Games catalogue lists Point Blank and Point Blank Voucher Cash; one brand row covers both.
Payment / ID / games-vouchers / league-of-legends-pc	League of Legends - PC	league-of-legends-pc	Games & Vouchers	PC game	GoPay Games	GoPay app	https://www.leagueoflegends.com	https://gopay.co.id/games	live-catalog	2026-08-14	confirmed-current	fetch-provider-mark	Current GoPay Games catalogue lists League of Legends - PC.
Payment / ID / games-vouchers / marvel-rivals	Marvel Rivals	marvel-rivals	Games & Vouchers	PC game	GoPay Games	GoPay app	https://www.marvelrivals.com	https://gopay.co.id/games	live-catalog	2026-08-14	confirmed-current	fetch-provider-mark	Current GoPay Games catalogue lists Marvel Rivals.
Payment / ID / games-vouchers / steam	Steam	steam	Games & Vouchers	Voucher; Steam product	GoPay Games; GoTagihan terms	GoPay app	https://store.steampowered.com	https://gopay.co.id/games	live-catalog	2026-08-14	confirmed-current	fetch-provider-mark	Current GoPay Games catalogue lists Steam Voucher Indonesia; static terms also name Steam. Denominations/SKUs are excluded.
Payment / ID / games-vouchers / google-play	Google Play (Indonesia)	google-play	Games & Vouchers	Voucher; app-store credit	GoPay Games; Direct GoPay integration; GoTagihan terms	Android-only	https://play.google.com	https://gopay.co.id/games	live-catalog	2026-08-14	confirmed-current	fetch-provider-mark	Current GoPay Games catalogue lists Google Play Indonesia; direct GoPay help also documents Google Play payments. Use the Google Play brand mark, not an app-store screenshot/tile.
Payment / ID / games-vouchers / psn	PlayStation / PSN	psn	Games & Vouchers	Voucher	GoPay Games; GoTagihan terms	GoPay app	https://www.playstation.com	https://gopay.co.id/games	live-catalog	2026-08-14	confirmed-current	fetch-provider-mark	Current GoPay Games catalogue lists PSN Voucher Indonesia; static terms name PlayStation Store Gift Cards.
Payment / ID / games-vouchers / garena-shell	Garena Shell	garena-shell	Games & Vouchers	Voucher	GoPay Games	GoPay app	https://www.garena.co.id	https://gopay.co.id/games	live-catalog	2026-08-14	confirmed-current	fetch-provider-mark	Current GoPay Games catalogue lists Garena Shell; verify the current Indonesia wordmark.
Payment / ID / games-vouchers / nintendo-eshop-card	Nintendo eShop Card (US)	nintendo-eshop-card	Games & Vouchers	Voucher	GoPay Games	GoPay app	https://www.nintendo.com	https://gopay.co.id/games	live-catalog	2026-08-14	confirmed-current	fetch-provider-mark	Current GoPay Games catalogue lists Nintendo eShop Card (US); region is product metadata, not a separate component.
Payment / ID / games-vouchers / geforce-now	GeForce NOW	geforce-now	Games & Vouchers	Cloud gaming voucher	GoPay Games	GoPay app	https://www.nvidia.com/en-us/geforce-now/	https://gopay.co.id/games	live-catalog	2026-08-14	confirmed-current	fetch-provider-mark	Current GoPay Games catalogue lists GeForce NOW.
Payment / ID / games-vouchers / megaxus-micash	Megaxus Mi-Cash	megaxus-micash	Games & Vouchers	Voucher	GoPay Games	GoPay app	https://www.megaxus.com	https://gopay.co.id/games	live-catalog	2026-08-14	confirmed-current	fetch-provider-mark	Current GoPay Games catalogue lists Megaxus Mi-Cash voucher.
Payment / ID / games-vouchers / xbox-usa	XBOX (USA)	xbox-usa	Games & Vouchers	Voucher	GoPay Games	GoPay app	https://www.xbox.com	https://gopay.co.id/games	live-catalog	2026-08-14	confirmed-current	fetch-provider-mark	Current GoPay Games catalogue lists XBOX (USA); region is product metadata, not a separate component.
Payment / ID / games-vouchers / pc-game-pass	PC Game Pass	pc-game-pass	Games & Vouchers	Subscription voucher	GoPay Games	GoPay app	https://www.xbox.com/xbox-game-pass	https://gopay.co.id/games	live-catalog	2026-08-14	confirmed-current	fetch-provider-mark	Current GoPay Games catalogue lists PC Game Pass; use the current Xbox/Game Pass lockup.
Payment / ID / games-vouchers / dark-souls-iii	Dark Souls III Steam CD Keys	dark-souls-iii	Games & Vouchers	Steam game product	GoPay Games	GoPay app	https://store.steampowered.com	https://gopay.co.id/games	live-catalog	2026-08-14	confirmed-current	review-source	Current GoPay Games Steam Game catalogue lists this product; source a clean title mark only if it remains legible at 40x40.
Payment / ID / games-vouchers / battlefield-6	Battlefield 6	battlefield-6	Games & Vouchers	Steam game product	GoPay Games	GoPay app	https://www.ea.com/games/battlefield	https://gopay.co.id/games	live-catalog	2026-08-14	confirmed-current	review-source	Current GoPay Games Steam Game catalogue lists this product; do not use a cover screenshot.
Payment / ID / games-vouchers / battlefield-v	Battlefield V	battlefield-v	Games & Vouchers	Steam game product	GoPay Games	GoPay app	https://www.ea.com/games/battlefield/battlefield-5	https://gopay.co.id/games	live-catalog	2026-08-14	confirmed-current	review-source	Current GoPay Games Steam Game catalogue lists this product; do not use a cover screenshot.
Payment / ID / games-vouchers / battlefield-1	Battlefield 1	battlefield-1	Games & Vouchers	Steam game product	GoPay Games	GoPay app	https://www.ea.com/games/battlefield/battlefield-1	https://gopay.co.id/games	live-catalog	2026-08-14	confirmed-current	review-source	Current GoPay Games Steam Game catalogue lists this product; do not use a cover screenshot.
Payment / ID / games-vouchers / battlefield-4	Battlefield 4	battlefield-4	Games & Vouchers	Steam game product	GoPay Games	GoPay app	https://www.ea.com/games/battlefield/battlefield-4	https://gopay.co.id/games	live-catalog	2026-08-14	confirmed-current	review-source	Current GoPay Games Steam Game catalogue lists this product; do not use a cover screenshot.
Payment / ID / games-vouchers / demon-slayer-hinokami	Demon Slayer - Kimetsu no Yaiba - The Hinokami Chronicles	demon-slayer-hinokami	Games & Vouchers	Steam game product	GoPay Games	GoPay app	https://www.sega.com/demon-slayer-kimetsu-no-yaiba-the-hinokami-chronicles	https://gopay.co.id/games	live-catalog	2026-08-14	confirmed-current	review-source	Current GoPay Games Steam Game catalogue lists this product; source a clean title mark only if it remains legible at 40x40.
Payment / ID / games-vouchers / f1-manager-2024	F1 Manager 2024	f1-manager-2024	Games & Vouchers	Steam game product	GoPay Games	GoPay app	https://www.f1manager.com	https://gopay.co.id/games	live-catalog	2026-08-14	confirmed-current	review-source	Current GoPay Games Steam Game catalogue lists this product; source a clean title mark only if it remains legible at 40x40.
Payment / ID / games-vouchers / dead-by-daylight	Dead by Daylight	dead-by-daylight	Games & Vouchers	Steam game product	GoPay Games	GoPay app	https://deadbydaylight.com	https://gopay.co.id/games	live-catalog	2026-08-14	confirmed-current	review-source	Current GoPay Games Steam Game catalogue lists this product; source a clean title mark only if it remains legible at 40x40.
Payment / ID / games-vouchers / gemscool	Gemscool	gemscool	Games & Vouchers	Legacy game voucher	GoTagihan terms	GoPay app	-	https://www.gojek.com/id-id/terms-and-conditions/gobills	current-terms	2026-08-14	legacy	exclude	Static terms name Gemscool; treat as legacy until current-app evidence is found. Do not fetch.
Payment / ID / games-vouchers / pubg-pc	PUBG PC	pubg-pc	Games & Vouchers	Legacy game voucher	GoTagihan terms	GoPay app	https://www.pubg.com	https://www.gojek.com/id-id/terms-and-conditions/gobills	current-terms	2026-08-14	terms-only-review	review-source	Static terms include PUBG PC redemption instructions; verify current GoPay Games exposure before import.
Payment / ID / zakat-donations / baznas	Badan Amil Zakat Nasional (BAZNAS)	baznas	Zakat & Donations	Zakat; donation	GoTagihan; GoPay app	GoPay app	https://baznas.go.id	https://gopay.co.id/blog/gopay-kembali-raih-penghargaan-dari-baznas-ri	current-official-article	2026-08-14	confirmed-current	fetch-provider-mark	Current official GoPay article says the Zakat/Donations feature remains accessible and names BAZNAS; static terms also list it.
Payment / ID / zakat-donations / baitul-maal-hidayatullah	Baitul Maal Hidayatullah	baitul-maal-hidayatullah	Zakat & Donations	Zakat; donation	GoTagihan terms	GoPay app	https://bmh.or.id	https://www.gojek.com/id-id/terms-and-conditions/gobills	current-terms	2026-08-14	terms-only-review	review-source	Named in static GoTagihan terms and official GoPay zakat material; verify current in-app provider.
Payment / ID / zakat-donations / dompet-dhuafa	Dompet Dhuafa	dompet-dhuafa	Zakat & Donations	Zakat; donation	GoTagihan terms	GoPay app	https://www.dompetdhuafa.org	https://www.gojek.com/id-id/terms-and-conditions/gobills	current-terms	2026-08-14	terms-only-review	review-source	Named in static GoTagihan terms and official GoPay zakat material; verify current in-app provider.
Payment / ID / zakat-donations / global-zakat-act	Global Zakat ACT	global-zakat-act	Zakat & Donations	Zakat; donation	GoTagihan terms	GoPay app	-	https://www.gojek.com/id-id/terms-and-conditions/gobills	current-terms	2026-08-14	legacy	exclude	Static terms name Global Zakat ACT; treat as legacy until current-app evidence and organisation status are confirmed. Do not fetch.
Payment / ID / zakat-donations / griya-yatim-dhuafa	Griya Yatim dan Dhuafa	griya-yatim-dhuafa	Zakat & Donations	Zakat; donation	GoTagihan terms	GoPay app	https://www.gytd.or.id	https://www.gojek.com/id-id/terms-and-conditions/gobills	current-terms	2026-08-14	terms-only-review	review-source	Named in static GoTagihan terms and official GoPay zakat material; verify current in-app provider.
Payment / ID / zakat-donations / lazismu	LAZISMU	lazismu	Zakat & Donations	Zakat; donation	GoTagihan terms	GoPay app	https://lazismu.org	https://www.gojek.com/id-id/terms-and-conditions/gobills	current-terms	2026-08-14	terms-only-review	review-source	Named in static GoTagihan terms and official GoPay zakat material; verify current in-app provider.
Payment / ID / zakat-donations / lazisnu	LAZISNU	lazisnu	Zakat & Donations	Zakat; donation	GoTagihan terms	GoPay app	https://lazisnu.org	https://www.gojek.com/id-id/terms-and-conditions/gobills	current-terms	2026-08-14	terms-only-review	review-source	Named in static GoTagihan terms and official GoPay zakat material; verify current in-app provider.
Payment / ID / zakat-donations / rumah-yatim	Rumah Yatim	rumah-yatim	Zakat & Donations	Zakat; donation	GoTagihan terms	GoPay app	https://rumah-yatim.org	https://www.gojek.com/id-id/terms-and-conditions/gobills	current-terms	2026-08-14	terms-only-review	review-source	Named in static GoTagihan terms and official GoPay zakat material; verify current in-app provider.
Payment / ID / zakat-donations / rumah-zakat	Rumah Zakat	rumah-zakat	Zakat & Donations	Zakat; donation	GoTagihan terms	GoPay app	https://www.rumahzakat.org	https://www.gojek.com/id-id/terms-and-conditions/gobills	current-terms	2026-08-14	terms-only-review	review-source	Named in static GoTagihan terms and official GoPay zakat material; verify current in-app provider.
Payment / ID / zakat-donations / ydsf	Yayasan Dana Sosial Al Falah (YDSF)	ydsf	Zakat & Donations	Zakat; donation	GoTagihan terms	GoPay app	https://ydsf.org	https://www.gojek.com/id-id/terms-and-conditions/gobills	current-terms	2026-08-14	terms-only-review	review-source	Named in static GoTagihan terms and official GoPay zakat material; verify current in-app provider.
Payment / ID / zakat-donations / laz-al-azhar	LAZ Al Azhar	laz-al-azhar	Zakat & Donations	Zakat; donation	GoTagihan terms	GoPay app	https://lazalazhar.com	https://www.gojek.com/id-id/terms-and-conditions/gobills	current-terms	2026-08-14	terms-only-review	review-source	Named in static GoTagihan terms and official GoPay zakat material; verify current in-app provider.
Payment / ID / zakat-donations / inisiatif-zakat-indonesia	Inisiatif Zakat Indonesia	inisiatif-zakat-indonesia	Zakat & Donations	Zakat; donation	GoTagihan terms	GoPay app	https://izi.or.id	https://www.gojek.com/id-id/terms-and-conditions/gobills	current-terms	2026-08-14	terms-only-review	review-source	Named in static GoTagihan terms and official GoPay zakat material; verify current in-app provider.
Payment / ID / zakat-donations / nh-zakat-kita	NH Zakat Kita	nh-zakat-kita	Zakat & Donations	Zakat; donation	GoTagihan terms	GoPay app	https://nhzakatkita.org	https://www.gojek.com/id-id/terms-and-conditions/gobills	current-terms	2026-08-14	terms-only-review	review-source	Named in static GoTagihan terms and official GoPay zakat material; verify current in-app provider.
Payment / ID / zakat-donations / laznas-yatim-mandiri	Laznas Yatim Mandiri	laznas-yatim-mandiri	Zakat & Donations	Zakat; donation	GoTagihan terms	GoPay app	https://yatimmandiri.org	https://www.gojek.com/id-id/terms-and-conditions/gobills	current-terms	2026-08-14	terms-only-review	review-source	Named in static GoTagihan terms and official GoPay zakat material; verify current in-app provider.
Merchant / ID / minimarket / alfamart	Alfamart	alfamart	Merchant & Retail	Convenience store	GoPay promo	GoPay app; QRIS merchant payment	https://alfamart.co.id	https://gopay.co.id/promo/alfamidi	current-promo	2026-08-14	confirmed-current	fetch-provider-mark	Named GoPay merchant payment surface retained from the existing merchant master row; current GoPay merchant promotions are dated and do not define the full QRIS universe.
Merchant / ID / minimarket / alfamidi	Alfamidi	alfamidi	Merchant & Retail	Convenience store	GoPay promo	GoPay app; QRIS merchant payment	https://www.alfamidiku.com	https://gopay.co.id/promo/alfamidi	current-promo	2026-08-14	confirmed-current	fetch-provider-mark	Current GoPay Alfamidi promotion names the retail surface; use the official transparent wordmark, not the Alfamidi app tile.
Merchant / ID / minimarket / indomaret	Indomaret	indomaret	Merchant & Retail	Convenience store	GoPay promo	GoPay app; QRIS merchant payment	https://www.indomaret.co.id	https://gopay.co.id/promo/alfamidi	current-promo	2026-08-14	confirmed-current	fetch-provider-mark	Named in the current GoPay Alfamidi promotion's related merchant promotions; this is a dated named-surface record, not a complete QRIS directory.
Merchant / ID / ecommerce / alfagift	Alfagift	alfagift	Merchant & Retail	Grocery commerce	GoPay promo	GoPay app; QRIS/merchant-linked payment	https://alfagift.id	https://gopay.co.id/promo/alfamidi	current-promo	2026-08-14	confirmed-current	fetch-provider-mark	Named in the current GoPay Alfamidi promotion's related merchant promotions; use the official Alfagift site mark, not the app tile.
Merchant / ID / ecommerce / klik-indomaret	Klik Indomaret	klik-indomaret	Merchant & Retail	Grocery commerce	GoPay promo	GoPay app; QRIS/merchant-linked payment	https://www.klikindomaret.com	https://gopay.co.id/promo/alfamidi	current-promo	2026-08-14	confirmed-current	fetch-provider-mark	Named in the current GoPay Alfamidi promotion's related merchant promotions; use the official Indomaret-published Klik Indomaret mark.
Merchant / ID / ecommerce / tokopedia	Tokopedia	tokopedia	Merchant & Retail	Marketplace	GoPay promo	GoPay app; merchant-linked payment	https://www.tokopedia.com	https://gopay.co.id/promo/alfamidi	current-promo	2026-08-14	confirmed-current	fetch-provider-mark	Named in the current GoPay Alfamidi promotion's related merchant promotions; existing merchant master row retained.
-	QRIS merchant universe	qris-merchant-universe	Excluded boundary	Out of scope	QRIS; GoPay	Not in this library scope	-	https://gopay.co.id/bayar	current-product-page	2026-08-14	excluded	exclude	The open-ended QRIS merchant universe is explicitly excluded from this catalogue/library scope.
-	Generic Gojek service logos	generic-gojek-services	Excluded boundary	Out of scope	Gojek services	Not in this library scope	-	https://www.gojek.com/id-id/help/gotagihan/apa-itu-gotagihan	current-help	2026-08-14	excluded	exclude	Generic Gojek service marks are not biller/provider logos and are explicitly excluded.
-	JD.ID	jd-id	Excluded boundary	Legacy direct integration	Direct GoPay integration	Legacy/discontinued	https://www.jd.id	https://www.gojek.com/id-id/help/gopay	current-help-index	2026-08-14	legacy	exclude	Historical help index content is not enough to include a discontinued marketplace; excluded from this GoTagihan/digital-products library.
