figma_path,institution,asset_path,status,identity_status,asset_type,width,height,aspect,transparent,source_tier,source_url,issues,warnings,sha256,duplicate_of
banks/indo/bank-mandiri,Bank Mandiri,assets/banks/indo/bank-mandiri.svg,accepted,manual confirmation still required,vector,80,25,"3.20:1 (horizontal, 80x25)",yes,curated-idn,https://cdn.jsdelivr.net/npm/idn-finlogos@2.5.0/dist/icons/mandiri.svg,,,41c2e901ef5ab6ad270ceabe727f7d365c0ea6115b6f1ce616551dce68ca3a5a,
banks/indo/bri,Bank Rakyat Indonesia (BRI),assets/banks/indo/bri.svg,accepted,manual confirmation still required,vector,80,41,"1.95:1 (horizontal, 80x41)",yes,curated-idn,https://cdn.jsdelivr.net/npm/idn-finlogos@2.5.0/dist/icons/bri.svg,,,de669e3ee8e6dea4d7ca5307533decf9662b60051b92f867d1de0c98f614b971,
banks/indo/bni,Bank Negara Indonesia (BNI),assets/banks/indo/bni.svg,accepted,manual confirmation still required,vector,80,24,"3.33:1 (horizontal, 80x24)",yes,curated-idn,https://cdn.jsdelivr.net/npm/idn-finlogos@2.5.0/dist/icons/bni.svg,,,3e2236b350aa7d7588160fac5e2a2c34c5264ec3f28c4729010e1d344b4fbd4a,
banks/indo/bca,Bank Central Asia (BCA),assets/banks/indo/bca.svg,accepted,manual confirmation still required,vector,80,26,"3.08:1 (horizontal, 80x26)",yes,curated-idn,https://cdn.jsdelivr.net/npm/idn-finlogos@2.5.0/dist/icons/bca.svg,,,480ef529604ccf646bfb383deb4fea84626c872f7a18db3e4fafb8162ceabc7d,
banks/indo/btn,Bank Tabungan Negara (BTN),assets/banks/indo/btn.svg,accepted,manual confirmation still required,vector,80,45,"1.78:1 (horizontal, 80x45)",yes,curated-idn,https://cdn.jsdelivr.net/npm/idn-finlogos@2.5.0/dist/icons/btn.svg,,,bfdd1afa7fcd14f19a171216c33fc1e26495a6f4ec0d67d2dcde792591019535,
banks/indo/bsi,Bank Syariah Indonesia (BSI),assets/banks/indo/bsi.svg,accepted,manual confirmation still required,vector,80,49,"1.63:1 (horizontal, 80x49)",yes,curated-idn,https://cdn.jsdelivr.net/npm/idn-finlogos@2.5.0/dist/icons/bsi.svg,,,1e949a980754c694b2d985f6ec9c6d51730882e6c4c7f669dd45eef6ffec8bc6,
banks/indo/cimb-niaga,CIMB Niaga,assets/banks/indo/cimb-niaga.svg,accepted,manual confirmation still required,vector,62,60,"1.03:1 (square, 62x60)",yes,curated-idn,https://cdn.jsdelivr.net/npm/idn-finlogos@2.5.0/dist/icons/cimb-niaga.svg,,,1cc83bc23ff297618fa079094b2b21b253148ad97cdb30c4d6954f96b7a32024,
banks/indo/danamon,Bank Danamon,assets/banks/indo/danamon.svg,accepted,manual confirmation still required,vector,80,21,"3.81:1 (horizontal, 80x21)",yes,curated-idn,https://cdn.jsdelivr.net/npm/idn-finlogos@2.5.0/dist/icons/danamon.svg,,,54fb6c387a1a60d8fc8f9c35c7303dc133904388328a07acab7015fbccd20805,
banks/indo/permata,PermataBank,assets/banks/indo/permata.svg,accepted,manual confirmation still required,vector,80,20,"4.00:1 (horizontal, 80x20)",yes,curated-idn,https://cdn.jsdelivr.net/npm/idn-finlogos@2.5.0/dist/icons/permata.svg,,,f7ea43e02d0b8f4995b698c5ba587bec0c15e2472f83d5978d04a753a233cdf4,
banks/indo/panin,Bank Panin,assets/banks/indo/panin.svg,accepted,manual confirmation still required,vector,80,44,"1.82:1 (horizontal, 80x44)",yes,curated-idn,https://cdn.jsdelivr.net/npm/idn-finlogos@2.5.0/dist/icons/paninbank.svg,,,b2a0cc1a9b4fd2c25d5c9b3a9add3d736c678a2971e69ac635b177f88202be96,
banks/indo/ocbc-indonesia,OCBC Indonesia,assets/banks/indo/ocbc-indonesia.svg,review,manual confirmation still required,vector,1549,1635,"1:1.06 (vertical, 1549x1635)",yes,curated-global,https://raw.githubusercontent.com/auraveni/global-bank-logos/main/assets/bank/international-bank/ocbc.svg,,exact-duplicate/shared-mark,7f305910577aea2b911a5ff1d1f78c5198b254ebfc18654d48873cb56a389df0,banks/sea/sg/ocbc
banks/indo/maybank-indonesia,Maybank Indonesia,assets/banks/indo/maybank-indonesia.svg,accepted,manual confirmation still required,vector,80,57,"1.40:1 (horizontal, 80x57)",yes,curated-idn,https://cdn.jsdelivr.net/npm/idn-finlogos@2.5.0/dist/icons/maybank.svg,,,8f656e72b1aed6abc858ac0a91e7b0e519a96a9c5c9e6defc8b44111516b2d23,
banks/indo/smbc-indonesia,Bank SMBC Indonesia,assets/banks/indo/smbc-indonesia.svg,accepted,manual confirmation still required,vector,80,36,"2.22:1 (horizontal, 80x36)",yes,curated-idn,https://cdn.jsdelivr.net/npm/idn-finlogos@2.5.0/dist/icons/bank-smbc-indonesia.svg,,,aba319caa67b694b494f7295cc7cf39eb1d0f4da7ee38e84018ac41b3642558f,
banks/indo/mega,Bank Mega,assets/banks/indo/mega.svg,accepted,manual confirmation still required,vector,80,47,"1.70:1 (horizontal, 80x47)",yes,curated-idn,https://cdn.jsdelivr.net/npm/idn-finlogos@2.5.0/dist/icons/mega.svg,,,a9830d82bc77fbed9baa65d96cdce3ba61db5cc0c383bff7239d807c95d93a36,
banks/indo/kb-bank,KB Bank,assets/banks/indo/kb-bank.png,accepted,manual confirmation still required,raster,413,74,"5.58:1 (horizontal, 413x74)",yes,official-or-authoritative,https://www.kbbank.co.id/kb-logo-2.png,,,e337f70da2e4188d236202da520b37be14547a7422330d77c0d1ca83ff802b85,
banks/indo/btpn-syariah,BTPN Syariah,assets/banks/indo/btpn-syariah.svg,accepted,manual confirmation still required,vector,80,46,"1.74:1 (horizontal, 80x46)",yes,curated-idn,https://cdn.jsdelivr.net/npm/idn-finlogos@2.5.0/dist/icons/btpn-syariah.svg,,,bacbe638b7263dbf5e1494b88637fb093b943774e073f2eb36eccc44d523b8ff,
banks/indo/sinarmas,Bank Sinarmas,assets/banks/indo/sinarmas.svg,accepted,manual confirmation still required,vector,80,18,"4.44:1 (horizontal, 80x18)",yes,curated-idn,https://cdn.jsdelivr.net/npm/idn-finlogos@2.5.0/dist/icons/sinarmas.svg,,,9b3c33d89b8d5c705bff457eaa76fff9ca0aa1a6c4106355a943bebc47c9661d,
banks/indo/bjb,Bank BJB,assets/banks/indo/bjb.svg,accepted,manual confirmation still required,vector,80,44,"1.82:1 (horizontal, 80x44)",yes,curated-idn,https://cdn.jsdelivr.net/npm/idn-finlogos@2.5.0/dist/icons/bank-bjb.svg,,,c695b19b0be7e20bdba7071a6b4c1642562e585e3ed312f5fc4440e678ee14c2,
banks/indo/bank-dki,Bank Jakarta (formerly Bank DKI),assets/banks/indo/bank-dki.svg,accepted,manual confirmation still required,vector,80,21,"3.81:1 (horizontal, 80x21)",yes,curated-idn,https://cdn.jsdelivr.net/npm/idn-finlogos@2.5.0/dist/icons/bank-jakarta.svg,,,3615d2cb180d002ff51ae5bcda4b0af037cd98b20d8cccdfa46c5b95c0ec2888,
banks/indo/bank-jatim,Bank Jatim,assets/banks/indo/bank-jatim.svg,accepted,manual confirmation still required,vector,80,19,"4.21:1 (horizontal, 80x19)",yes,curated-idn,https://cdn.jsdelivr.net/npm/idn-finlogos@2.5.0/dist/icons/bank-bpd-jatim.svg,,,9526a4eb6615a5d63b5fc00c2fa9ecf866df2d539384ad8015d1e4551c2a8a12,
banks/indo/muamalat,Bank Muamalat,assets/banks/indo/muamalat.svg,accepted,manual confirmation still required,vector,80,25,"3.20:1 (horizontal, 80x25)",yes,curated-idn,https://cdn.jsdelivr.net/npm/idn-finlogos@2.5.0/dist/icons/muamalat.svg,,,dc6579fcb7f98c5cd0262ef0a8ac63e952558f2a98f0828b53f111e5f1e4d068,
banks/indo/jago,Bank Jago,assets/banks/indo/jago.svg,accepted,manual confirmation still required,vector,80,26,"3.08:1 (horizontal, 80x26)",yes,curated-idn,https://cdn.jsdelivr.net/npm/idn-finlogos@2.5.0/dist/icons/jago.svg,,,1186a8654a9cee2b6649e3e9e9cca274e91b7ed3c28ed778814be19f213c102c,
banks/indo/seabank,SeaBank Indonesia,assets/banks/indo/seabank.svg,accepted,manual confirmation still required,vector,80,26,"3.08:1 (horizontal, 80x26)",yes,curated-idn,https://cdn.jsdelivr.net/npm/idn-finlogos@2.5.0/dist/icons/seabank.svg,,,297073f9d4e9e6042069de5664c3b1bafd2f866eb89e787b88e5d4696afdbc27,
banks/indo/allo-bank,Allo Bank,assets/banks/indo/allo-bank.svg,accepted,manual confirmation still required,vector,68,60,"1.13:1 (horizontal, 68x60)",yes,curated-idn,https://cdn.jsdelivr.net/npm/idn-finlogos@2.5.0/dist/icons/allo.svg,,,e1a8c9779d476b328e4715e0c0b0ca49361e2a280cbaeee4e0c768c95a4c57a6,
banks/indo/superbank,Superbank,assets/banks/indo/superbank.svg,accepted,manual confirmation still required,vector,72,72,"1.00:1 (square, 72x72)",yes,curated-idn,https://cdn.jsdelivr.net/npm/idn-finlogos@2.5.0/dist/icons/superbank.svg,,,985ecacc299d637679fef576fb80148d5885df28b326591b7cd1a6d00ab974da,
banks/indo/neo-commerce,Bank Neo Commerce,assets/banks/indo/neo-commerce.svg,accepted,manual confirmation still required,vector,80,38,"2.11:1 (horizontal, 80x38)",yes,curated-idn,https://cdn.jsdelivr.net/npm/idn-finlogos@2.5.0/dist/icons/bnc.svg,,,1149032fe1bcce1945b28aa6a06bb8e5353c8e31677581562d35c9b958950f7c,
banks/indo/blu-bca,blu by BCA Digital,assets/banks/indo/blu-bca.svg,accepted,manual confirmation still required,vector,80,36,"2.22:1 (horizontal, 80x36)",yes,curated-idn,https://cdn.jsdelivr.net/npm/idn-finlogos@2.5.0/dist/icons/blu-bca.svg,,,b99aa9f9f2a6d42adb11cffed20bb7af8b37c2c093aed9ce5686a8f1b9097d78,
banks/indo/hsbc-indonesia,HSBC Indonesia,assets/banks/indo/hsbc-indonesia.svg,accepted,manual confirmation still required,vector,80,22,"3.64:1 (horizontal, 80x22)",yes,curated-idn,https://cdn.jsdelivr.net/npm/idn-finlogos@2.5.0/dist/icons/hsbc.svg,,,53827b66b76a3d819f53d63b7c1befa392b4fb7bf615d3f3e9aac7d0b7ed92d1,
banks/indo/uob-indonesia,UOB Indonesia,assets/banks/indo/uob-indonesia.svg,accepted,manual confirmation still required,vector,80,23,"3.48:1 (horizontal, 80x23)",yes,curated-idn,https://cdn.jsdelivr.net/npm/idn-finlogos@2.5.0/dist/icons/uob.svg,,,e74afea5140c8581dd3f6af2ad9173f1a8d017e102c61ce78aaa75f6213bcefd,
banks/indo/citibank-indonesia,Citibank Indonesia,assets/banks/indo/citibank-indonesia.svg,accepted,manual confirmation still required,vector,80,51,"1.57:1 (horizontal, 80x51)",yes,curated-idn,https://cdn.jsdelivr.net/npm/idn-finlogos@2.5.0/dist/icons/citibank.svg,,,25570763ff71ec463957cf4633fda4b8b07e419b98b7d3fff31ac893f7e48474,
banks/indo/bank-raya,Bank Raya,assets/banks/indo/bank-raya.svg,accepted,manual confirmation still required,vector,80,35,"2.29:1 (horizontal, 80x35)",yes,curated-idn,https://cdn.jsdelivr.net/npm/idn-finlogos@2.5.0/dist/icons/bank-raya.svg,,,da767b71aa1b9fec3a42d385ce17de24f9f59025f4edbda420c63d9e9abe8053,
banks/indo/amar-bank,Amar Bank,assets/banks/indo/amar-bank.svg,fallback,manual confirmation still required,vector,240,72,"3.33:1 (horizontal, 240x72)",yes,fallback,,,,e2b7c00b7afaddd4e46feba098460c4637d963742a441bc9d867fec512be7bca,
banks/indo/krom-bank,Krom Bank Indonesia,assets/banks/indo/krom-bank.svg,accepted,manual confirmation still required,vector,64,64,"1.00:1 (square, 64x64)",yes,curated-idn,https://cdn.jsdelivr.net/npm/idn-finlogos@2.5.0/dist/icons/krom.svg,,,fd3bc253036d189b1c02ef6773f851389daf7bd114024f6f0ee7fd21339fa72b,
banks/indo/bank-saqu,Bank Saqu,assets/banks/indo/bank-saqu.svg,accepted,manual confirmation still required,vector,80,34,"2.35:1 (horizontal, 80x34)",yes,curated-idn,https://cdn.jsdelivr.net/npm/idn-finlogos@2.5.0/dist/icons/bank-saqu.svg,,,e6a4f8d588801b98be63a610595b8ffd763fb1400fbcf392612e0fb60776a1c3,
banks/indo/hibank,hibank,assets/banks/indo/hibank.svg,accepted,manual confirmation still required,vector,78,38,"2.05:1 (horizontal, 78x38)",yes,curated-idn,https://cdn.jsdelivr.net/npm/idn-finlogos@2.5.0/dist/icons/hibank.svg,,,913335a8c3bdc24c0e9104b7708aaf26c991a7b62ebacd7a82988bff61d9a066,
banks/indo/aladin-syariah,Bank Aladin Syariah,assets/banks/indo/aladin-syariah.svg,accepted,manual confirmation still required,vector,80,36,"2.22:1 (horizontal, 80x36)",yes,curated-idn,https://cdn.jsdelivr.net/npm/idn-finlogos@2.5.0/dist/icons/aladin.svg,,,5dd4f060bf4d155de897c69a339590b7b970baac5c495b65dd8a74f44483da9a,
banks/indo/nobu-bank,Bank Nationalnobu (Nobu Bank),assets/banks/indo/nobu-bank.svg,accepted,manual confirmation still required,vector,89,33,"2.70:1 (horizontal, 89x33)",yes,curated-idn,https://cdn.jsdelivr.net/npm/idn-finlogos@2.5.0/dist/icons/nobu.svg,,,205e42648dcc47a4ca145b4a371c547c492df038fd61847432b4305312fd468d,
banks/indo/mayapada,Bank Mayapada,assets/banks/indo/mayapada.svg,accepted,manual confirmation still required,vector,80,65,"1.23:1 (horizontal, 80x65)",yes,curated-idn,https://cdn.jsdelivr.net/npm/idn-finlogos@2.5.0/dist/icons/bank-mayapada.svg,,,0e6b10a44c27c8ad8d9eef27b3179530444fec3f2507fb7a2c03c024abf639df,
banks/indo/artha-graha,Bank Artha Graha Internasional,assets/banks/indo/artha-graha.svg,accepted,manual confirmation still required,vector,80,16,"5.00:1 (horizontal, 80x16)",yes,curated-idn,https://cdn.jsdelivr.net/npm/idn-finlogos@2.5.0/dist/icons/bank-artha-graha-internasional.svg,,,3c724e636e27b1b84c13512c736f3b0feb42af5be33cc2e231c9feba2ee411d6,
banks/indo/maspion,Bank Maspion,assets/banks/indo/maspion.svg,accepted,manual confirmation still required,vector,80,76,"1.05:1 (horizontal, 80x76)",yes,curated-idn,https://cdn.jsdelivr.net/npm/idn-finlogos@2.5.0/dist/icons/bank-maspion.svg,,,744f3f1c0092d0a47987d9126b5a26b701483c349153089bb65481504e5f9082,
banks/indo/bumi-arta,Bank Bumi Arta,assets/banks/indo/bumi-arta.svg,accepted,manual confirmation still required,vector,80,11,"7.27:1 (horizontal, 80x11)",yes,curated-idn,https://cdn.jsdelivr.net/npm/idn-finlogos@2.5.0/dist/icons/bank-bumi-artha.svg,,,ce1b27b1944a31bdfe84919e37d69903939235e728f73292fcc3f6c46ee4fe85,
banks/indo/mestika,Bank Mestika Dharma,assets/banks/indo/mestika.svg,accepted,manual confirmation still required,vector,80,21,"3.81:1 (horizontal, 80x21)",yes,curated-idn,https://cdn.jsdelivr.net/npm/idn-finlogos@2.5.0/dist/icons/bank-mestika-dharma.svg,,,986a9192dab0de75c6e9e5386b5600f53e5ecba9767d9a08384a67245d92f2c7,
banks/indo/ganesha,Bank Ganesha,assets/banks/indo/ganesha.svg,review,manual confirmation still required,vector,80,8,"10.00:1 (horizontal, 80x8)",yes,curated-idn,https://cdn.jsdelivr.net/npm/idn-finlogos@2.5.0/dist/icons/bank-ganesha.svg,,extreme-aspect:10.00:1,52b54661042ca1b6b88a8d785af922d8f51a323377e1469d38d5a966a5d3a107,
banks/indo/ina-perdana,Bank Ina Perdana,assets/banks/indo/ina-perdana.svg,accepted,manual confirmation still required,vector,81,23,"3.52:1 (horizontal, 81x23)",yes,curated-idn,https://cdn.jsdelivr.net/npm/idn-finlogos@2.5.0/dist/icons/bank-ina.svg,,,2dbc51ea5d0c4b4f6f7628cce3f2068fc83c464edca8e8c8ee25416c46fd84f2,
banks/indo/victoria,Bank Victoria International,assets/banks/indo/victoria.svg,accepted,manual confirmation still required,vector,80,12,"6.67:1 (horizontal, 80x12)",yes,curated-idn,https://cdn.jsdelivr.net/npm/idn-finlogos@2.5.0/dist/icons/bank-victoria.svg,,,f0c099b77679dbf6373e2e1e16a924d49ba13003fd0d9af596c892d4503c5837,
banks/indo/capital,Bank Capital Indonesia,assets/banks/indo/capital.svg,review,manual confirmation still required,vector,80,9,"8.89:1 (horizontal, 80x9)",yes,curated-idn,https://cdn.jsdelivr.net/npm/idn-finlogos@2.5.0/dist/icons/bank-capital.svg,,extreme-aspect:8.89:1,0871bb9a9d76167cfe7994f7f5f0a34a890bd2216748454fcec3950751777f5f,
banks/indo/oke-indonesia,Bank Oke Indonesia,assets/banks/indo/oke-indonesia.svg,accepted,manual confirmation still required,vector,80,29,"2.76:1 (horizontal, 80x29)",yes,curated-idn,https://cdn.jsdelivr.net/npm/idn-finlogos@2.5.0/dist/icons/ok-bank.svg,,,92486367564d4bdd49089529f2d566d010e3b08aef69a982226486afd30c996b,
banks/indo/index-selindo,Bank Index Selindo,assets/banks/indo/index-selindo.svg,accepted,manual confirmation still required,vector,80,15,"5.33:1 (horizontal, 80x15)",yes,curated-idn,https://cdn.jsdelivr.net/npm/idn-finlogos@2.5.0/dist/icons/bank-index-selindo.svg,,,8c2bc34aae1f921abc33337a087944e3ca6d549808268c1eef287a421450bde8,
banks/indo/multiarta-sentosa,Bank Multiarta Sentosa (Bank MAS),assets/banks/indo/multiarta-sentosa.svg,accepted,manual confirmation still required,vector,80,14,"5.71:1 (horizontal, 80x14)",yes,curated-idn,https://cdn.jsdelivr.net/npm/idn-finlogos@2.5.0/dist/icons/bank-mas.svg,,,45190f59e04f8207543a9f02cea39b3a23421cb6e36a07822c781e63fc45e421,
banks/indo/sahabat-sampoerna,Bank Sahabat Sampoerna,assets/banks/indo/sahabat-sampoerna.svg,accepted,manual confirmation still required,vector,62,66,"1:1.06 (vertical, 62x66)",yes,curated-idn,https://cdn.jsdelivr.net/npm/idn-finlogos@2.5.0/dist/icons/bank-sahabat-sampoerna.svg,,,99dd3905c6de56d65f8c6de37a6529921421297424b5b1f646f8cb484495a982,
banks/indo/kesejahteraan-ekonomi,Bank Kesejahteraan Ekonomi,assets/banks/indo/kesejahteraan-ekonomi.svg,fallback,manual confirmation still required,vector,240,72,"3.33:1 (horizontal, 240x72)",yes,fallback,,,,298122ae6c89d42f720bc9d1f1b85e3e5cc2fd7a98ac1738c394ace197cc33c3,
banks/indo/jtrust,Bank JTrust Indonesia,assets/banks/indo/jtrust.svg,accepted,manual confirmation still required,vector,80,13,"6.15:1 (horizontal, 80x13)",yes,curated-idn,https://cdn.jsdelivr.net/npm/idn-finlogos@2.5.0/dist/icons/j-trust-bank.svg,,,dec5576d7e6469d2671f0eb28327bb851d4da9d6e5e77e617ea5a1ce29c2d396,
banks/indo/mandiri-taspen,Bank Mandiri Taspen (Bank Mantap),assets/banks/indo/mandiri-taspen.svg,accepted,manual confirmation still required,vector,80,41,"1.95:1 (horizontal, 80x41)",yes,curated-idn,https://cdn.jsdelivr.net/npm/idn-finlogos@2.5.0/dist/icons/mandiri-taspen.svg,,,124c505851cf9d98960dae1568f4c8674c312d4e83118e770edab6ba84adc5bd,
banks/indo/bank-of-india-indonesia,Bank of India Indonesia,assets/banks/indo/bank-of-india-indonesia.svg,accepted,manual confirmation still required,vector,80,42,"1.90:1 (horizontal, 80x42)",yes,curated-idn,https://cdn.jsdelivr.net/npm/idn-finlogos@2.5.0/dist/icons/bank-of-india-indonesia.svg,,,d415f957ee8a76a64dde2b76c9427ca891a2cea8fe0ab4ec210b8b3b2f30c264,
banks/indo/sbi-indonesia,Bank SBI Indonesia,assets/banks/indo/sbi-indonesia.svg,accepted,manual confirmation still required,vector,80,28,"2.86:1 (horizontal, 80x28)",yes,curated-idn,https://cdn.jsdelivr.net/npm/idn-finlogos@2.5.0/dist/icons/sbi-indonesia.svg,,,f05e8633d08eaef9e9d60e7cd1c00d55ae963a08724a73e7cecd03f043712a8b,
banks/indo/qnb-indonesia,Bank QNB Indonesia,assets/banks/indo/qnb-indonesia.svg,accepted,manual confirmation still required,vector,80,24,"3.33:1 (horizontal, 80x24)",yes,curated-idn,https://cdn.jsdelivr.net/npm/idn-finlogos@2.5.0/dist/icons/qnb.svg,,,e0f2d0d930c1227356e68922462339ec545e57c304d662a6d905ddbc23166ca2,
banks/indo/woori-saudara,Bank Woori Saudara,assets/banks/indo/woori-saudara.svg,accepted,manual confirmation still required,vector,80,27,"2.96:1 (horizontal, 80x27)",yes,curated-idn,https://cdn.jsdelivr.net/npm/idn-finlogos@2.5.0/dist/icons/bank-woori-saudara.svg,,,8ddf449ee1d18d4f358012f27e98c8fdc6d15cdeb2124e6ba4751adc15c080eb,
banks/indo/shinhan-indonesia,Bank Shinhan Indonesia,assets/banks/indo/shinhan-indonesia.svg,accepted,manual confirmation still required,vector,67,67,"1.00:1 (square, 67x67)",yes,curated-idn,https://cdn.jsdelivr.net/npm/idn-finlogos@2.5.0/dist/icons/shinhan-bank.svg,,,3cd8f6fabe33f6b3d02cd19b317d0747a5b08e19f0621a814a70fca4b2d4b2ac,
banks/indo/keb-hana,Bank KEB Hana Indonesia,assets/banks/indo/keb-hana.svg,accepted,manual confirmation still required,vector,80,73,"1.10:1 (horizontal, 80x73)",yes,curated-idn,https://cdn.jsdelivr.net/npm/idn-finlogos@2.5.0/dist/icons/keb-hana-bank.svg,,,859a0efdd3441385699a89271d373b677381a6e83344a2307f18e9b536c4f392,
banks/indo/ibk-indonesia,Bank IBK Indonesia,assets/banks/indo/ibk-indonesia.svg,accepted,manual confirmation still required,vector,80,78,"1.03:1 (square, 80x78)",yes,curated-idn,https://cdn.jsdelivr.net/npm/idn-finlogos@2.5.0/dist/icons/ibk-bank.svg,,,50d86430f5add82a82bad79fc8ce2afb209d6dad47024575b26362b0660b631f,
banks/indo/ctbc-indonesia,Bank CTBC Indonesia,assets/banks/indo/ctbc-indonesia.svg,accepted,manual confirmation still required,vector,80,23,"3.48:1 (horizontal, 80x23)",yes,curated-idn,https://cdn.jsdelivr.net/npm/idn-finlogos@2.5.0/dist/icons/ctbc-bank.svg,,,2100e79e520c8485dbd362767e1c4c58a5890ff33e7a85f76efe207e760f2973,
banks/indo/mizuho-indonesia,Bank Mizuho Indonesia,assets/banks/indo/mizuho-indonesia.svg,accepted,manual confirmation still required,vector,80,24,"3.33:1 (horizontal, 80x24)",yes,curated-idn,https://cdn.jsdelivr.net/npm/idn-finlogos@2.5.0/dist/icons/mizuho-bank.svg,,,11ddff39ab34b309f86ca095f8755f01cf7cb92ddefe78e622512afd7517a62b,
banks/indo/mufg-indonesia,Bank MUFG Indonesia,assets/banks/indo/mufg-indonesia.svg,accepted,manual confirmation still required,vector,80,19,"4.21:1 (horizontal, 80x19)",yes,curated-idn,https://cdn.jsdelivr.net/npm/idn-finlogos@2.5.0/dist/icons/mufg.svg,,,205a281912c4a9da8be2110f2200fa6739a5ce54f304ce45ac7100886664cb64,
banks/indo/resona-perdania,Bank Resona Perdania,assets/banks/indo/resona-perdania.svg,accepted,manual confirmation still required,vector,63,80,"1:1.27 (vertical, 63x80)",yes,curated-idn,https://cdn.jsdelivr.net/npm/idn-finlogos@2.5.0/dist/icons/bank-resona-perdania.svg,,,92ebed9500d84275b7106da555a920486631a93d7d1da50731751ee4e6689113,
banks/indo/icbc-indonesia,Bank ICBC Indonesia,assets/banks/indo/icbc-indonesia.svg,accepted,manual confirmation still required,vector,56,70,"1:1.25 (vertical, 56x70)",yes,curated-idn,https://cdn.jsdelivr.net/npm/idn-finlogos@2.5.0/dist/icons/icbc.svg,,,a535637ef4905d344694efb4c596724615e3c689effa2d6b13d424b5bf862467,
banks/indo/bnp-paribas-indonesia,Bank BNP Paribas Indonesia,assets/banks/indo/bnp-paribas-indonesia.svg,accepted,manual confirmation still required,vector,80,17,"4.71:1 (horizontal, 80x17)",yes,curated-idn,https://cdn.jsdelivr.net/npm/idn-finlogos@2.5.0/dist/icons/bnp-paribas.svg,,,f32750a19500c6a607abe046924672423ab0c799943086eff66066cb38b57e94,
banks/indo/dbs-indonesia,Bank DBS Indonesia,assets/banks/indo/dbs-indonesia.svg,accepted,manual confirmation still required,vector,94,28,"3.36:1 (horizontal, 94x28)",yes,curated-idn,https://cdn.jsdelivr.net/npm/idn-finlogos@2.5.0/dist/icons/dbs.svg,,,d78758a8307a5ce5336599518ae8bebe56a2888448bb1aa220410bee7fe628af,
banks/indo/anz-indonesia,Bank ANZ Indonesia,assets/banks/indo/anz-indonesia.svg,accepted,manual confirmation still required,vector,80,26,"3.08:1 (horizontal, 80x26)",yes,curated-idn,https://cdn.jsdelivr.net/npm/idn-finlogos@2.5.0/dist/icons/anz.svg,,,8b6a75567b62db6fb65e5f6aef900200e15b44b159b79a03aa4b40710ebc4d8e,
banks/indo/standard-chartered-indonesia,Standard Chartered Indonesia,assets/banks/indo/standard-chartered-indonesia.svg,accepted,manual confirmation still required,vector,80,32,"2.50:1 (horizontal, 80x32)",yes,curated-idn,https://cdn.jsdelivr.net/npm/idn-finlogos@2.5.0/dist/icons/standard-chartered.svg,,,dbefc9086097a0c6a8fa3f4ae7e5ffcd2d3a82940173c380cb25cb5dd818a888,
banks/indo/bank-of-china-indonesia,Bank of China (Hong Kong) Jakarta,assets/banks/indo/bank-of-china-indonesia.svg,review,manual confirmation still required,vector,24,24,"1.00:1 (square, 24x24)",yes,curated-global,https://raw.githubusercontent.com/auraveni/global-bank-logos/main/assets/bank/international-bank/boc.svg,,exact-duplicate/shared-mark,5e631d3499d91bad2b61cfc30af3949d600618830de69afc8d99dc9c7c5ce3a8,banks/international/cn/bank-of-china; banks/international/hk/bank-of-china-hk
banks/indo/commonwealth,Bank Commonwealth,assets/banks/indo/commonwealth.svg,fallback,manual confirmation still required,vector,240,72,"3.33:1 (horizontal, 240x72)",yes,fallback,,,,ded3dcf896ea2331e1f29fe762cb3a09b3f007f1f8429d727346e3e2464efc2d,
banks/indo/bca-syariah,BCA Syariah,assets/banks/indo/bca-syariah.svg,accepted,manual confirmation still required,vector,80,14,"5.71:1 (horizontal, 80x14)",yes,curated-idn,https://cdn.jsdelivr.net/npm/idn-finlogos@2.5.0/dist/icons/bca-syariah.svg,,,26e18cee1efcc39826b8e98d17a4ba49d1f7dade85ce475afdb35c16ac769164,
banks/indo/mega-syariah,Bank Mega Syariah,assets/banks/indo/mega-syariah.svg,accepted,manual confirmation still required,vector,80,59,"1.36:1 (horizontal, 80x59)",yes,curated-idn,https://cdn.jsdelivr.net/npm/idn-finlogos@2.5.0/dist/icons/mega-syariah.svg,,,e8f0e7f25b494cef2245b11610bf662fbfccfd620def1fc5b7ac579b62e8aa9a,
banks/indo/panin-dubai-syariah,Bank Panin Dubai Syariah,assets/banks/indo/panin-dubai-syariah.svg,accepted,manual confirmation still required,vector,80,15,"5.33:1 (horizontal, 80x15)",yes,curated-idn,https://cdn.jsdelivr.net/npm/idn-finlogos@2.5.0/dist/icons/panin-dubai-syariah.svg,,,4589253d8ea776eadb74fb6002eb965f79f052382bbeb1933c76a46940a9fabb,
banks/indo/bjb-syariah,Bank BJB Syariah,assets/banks/indo/bjb-syariah.svg,accepted,manual confirmation still required,vector,80,59,"1.36:1 (horizontal, 80x59)",yes,curated-idn,https://cdn.jsdelivr.net/npm/idn-finlogos@2.5.0/dist/icons/bank-bjb-syariah.svg,,,02cd4c9485b4a0a324c3d5f6a82019c14256ad648792956277f9c0c5014cdf72,
banks/indo/kb-bank-syariah,KB Bank Syariah,assets/banks/indo/kb-bank-syariah.png,accepted,manual confirmation still required,raster,2305,834,"2.76:1 (horizontal, 2305x834)",yes,official-or-authoritative,https://commons.wikimedia.org/wiki/File:KB_Bank_Syariah.png,,,aaff12cf22ed1804b0cb5fccbe706afdfb1ca0609a786f6fde23d16483d69c54,
banks/indo/victoria-syariah,Bank Victoria Syariah,assets/banks/indo/victoria-syariah.svg,accepted,manual confirmation still required,vector,80,23,"3.48:1 (horizontal, 80x23)",yes,curated-idn,https://cdn.jsdelivr.net/npm/idn-finlogos@2.5.0/dist/icons/bank-victoria-syariah.svg,,,26231db521446d836faabf7693a5145ef40e4db3a90ccf4991802451a861bafa,
banks/indo/bank-jateng,Bank Jateng,assets/banks/indo/bank-jateng.svg,accepted,manual confirmation still required,vector,84,39,"2.15:1 (horizontal, 84x39)",yes,curated-idn,https://cdn.jsdelivr.net/npm/idn-finlogos@2.5.0/dist/icons/bank-bpd-jateng.svg,,,79e7c62bd52ca29dfd8f4a91badadc2f9ef20a3c6451774b32fb8cbc5c81b67a,
banks/indo/bank-bpd-diy,Bank BPD DIY,assets/banks/indo/bank-bpd-diy.svg,accepted,manual confirmation still required,vector,80,16,"5.00:1 (horizontal, 80x16)",yes,curated-idn,https://cdn.jsdelivr.net/npm/idn-finlogos@2.5.0/dist/icons/bank-bpd-diy.svg,,,32bcf23ec1411a96b14aa02da9f82b28163802b2ff354f57705c1c051822a30d,
banks/indo/bank-banten,Bank Banten,assets/banks/indo/bank-banten.svg,accepted,manual confirmation still required,vector,80,15,"5.33:1 (horizontal, 80x15)",yes,curated-idn,https://cdn.jsdelivr.net/npm/idn-finlogos@2.5.0/dist/icons/bank-bpd-banten.svg,,,827d88d66e3455cc421f00194f016356bf70c3c720ce2504a3cab6955932cce5,
banks/indo/bank-sumut,Bank Sumut,assets/banks/indo/bank-sumut.svg,accepted,manual confirmation still required,vector,80,33,"2.42:1 (horizontal, 80x33)",yes,curated-idn,https://cdn.jsdelivr.net/npm/idn-finlogos@2.5.0/dist/icons/bank-bpd-sumut.svg,,,7fce199bd78bc71cf821007beabaa091de72566f782622e8c10a34ff1bdfb8f5,
banks/indo/bank-nagari,Bank Nagari,assets/banks/indo/bank-nagari.svg,accepted,manual confirmation still required,vector,80,28,"2.86:1 (horizontal, 80x28)",yes,curated-idn,https://cdn.jsdelivr.net/npm/idn-finlogos@2.5.0/dist/icons/bank-nagari.svg,,,5a041e98e20478b006db7a1bef1ceea4e768b7bd22a4487ffa57f7bce3386901,
banks/indo/bank-riau-kepri-syariah,Bank Riau Kepri Syariah,assets/banks/indo/bank-riau-kepri-syariah.svg,accepted,manual confirmation still required,vector,80,18,"4.44:1 (horizontal, 80x18)",yes,curated-idn,https://cdn.jsdelivr.net/npm/idn-finlogos@2.5.0/dist/icons/bank-bpd-riau-kepri-syariah.svg,,,3c7b0bbaab6df50dbf755a483d22b68d61c4bea7f54d52814aaf59e224b28d3c,
banks/indo/bank-jambi,Bank Jambi,assets/banks/indo/bank-jambi.svg,accepted,manual confirmation still required,vector,80,23,"3.48:1 (horizontal, 80x23)",yes,curated-idn,https://cdn.jsdelivr.net/npm/idn-finlogos@2.5.0/dist/icons/bank-bpd-jambi.svg,,,d958948a472ddd478ef5379e825b06ba90b59d49d9c6b9a068ecefb0749b15aa,
banks/indo/bank-sumsel-babel,Bank Sumsel Babel,assets/banks/indo/bank-sumsel-babel.svg,accepted,manual confirmation still required,vector,80,25,"3.20:1 (horizontal, 80x25)",yes,curated-idn,https://cdn.jsdelivr.net/npm/idn-finlogos@2.5.0/dist/icons/bank-bpd-sumsel-babel.svg,,,e47aeb20169e157ee838edccdec4c3e44fd3616a636512e4ee336c3a86b91fc5,
banks/indo/bank-bengkulu,Bank Bengkulu,assets/banks/indo/bank-bengkulu.svg,accepted,manual confirmation still required,vector,80,54,"1.48:1 (horizontal, 80x54)",yes,curated-idn,https://cdn.jsdelivr.net/npm/idn-finlogos@2.5.0/dist/icons/bank-bengkulu.svg,,,395997f0ed429a3833c937f8301ba6bf0c3ca5ee4235621eb2b8428be0f9f9d9,
banks/indo/bank-lampung,Bank Lampung,assets/banks/indo/bank-lampung.svg,accepted,manual confirmation still required,vector,80,18,"4.44:1 (horizontal, 80x18)",yes,curated-idn,https://cdn.jsdelivr.net/npm/idn-finlogos@2.5.0/dist/icons/bank-bpd-lampung.svg,,,426cc357353c1d07e254c5255308c27a95c1ab27966654bf2ddd3b124b2eaf20,
banks/indo/bank-aceh-syariah,Bank Aceh Syariah,assets/banks/indo/bank-aceh-syariah.svg,accepted,manual confirmation still required,vector,80,24,"3.33:1 (horizontal, 80x24)",yes,curated-idn,https://cdn.jsdelivr.net/npm/idn-finlogos@2.5.0/dist/icons/bank-bpd-aceh.svg,,,726123bd9bd2e1d99ffba35244cb0f10aea26ce4317f8e47ff529d309d4a691d,
banks/indo/bank-kalbar,Bank Kalbar,assets/banks/indo/bank-kalbar.svg,accepted,manual confirmation still required,vector,63,80,"1:1.27 (vertical, 63x80)",yes,curated-idn,https://cdn.jsdelivr.net/npm/idn-finlogos@2.5.0/dist/icons/bank-bpd-kalbar.svg,,,ff711bdbfe884bea9dd21113c4f21413c0e9160b2b267238a075e4f0be12a84c,
banks/indo/bank-kalsel,Bank Kalsel,assets/banks/indo/bank-kalsel.svg,accepted,manual confirmation still required,vector,80,25,"3.20:1 (horizontal, 80x25)",yes,curated-idn,https://cdn.jsdelivr.net/npm/idn-finlogos@2.5.0/dist/icons/bank-bpd-kalsel.svg,,,de7c6c904667f575c3ccd1529a40f80e385a8b9ac8752d433e4604aca6896f2f,
banks/indo/bank-kalteng,Bank Kalteng,assets/banks/indo/bank-kalteng.svg,accepted,manual confirmation still required,vector,80,17,"4.71:1 (horizontal, 80x17)",yes,curated-idn,https://cdn.jsdelivr.net/npm/idn-finlogos@2.5.0/dist/icons/bank-bpd-kalteng.svg,,,21810837edb5873e74f68836a983d29e81fa07aa43349393187d6d1702074164,
banks/indo/bank-kaltimtara,Bank Kaltimtara,assets/banks/indo/bank-kaltimtara.svg,accepted,manual confirmation still required,vector,80,22,"3.64:1 (horizontal, 80x22)",yes,curated-idn,https://cdn.jsdelivr.net/npm/idn-finlogos@2.5.0/dist/icons/bank-bpd-kalimantan-timur.svg,,,153dffc0327db7bca1ac8ee48f181a894e6d57a1be4078dfb7cbf7de45e790f9,
banks/indo/bank-sulselbar,Bank Sulselbar,assets/banks/indo/bank-sulselbar.svg,accepted,manual confirmation still required,vector,80,51,"1.57:1 (horizontal, 80x51)",yes,curated-idn,https://cdn.jsdelivr.net/npm/idn-finlogos@2.5.0/dist/icons/bank-bpd-sulselbar.svg,,,03bc50d64e0f86f9360869bce815869a23fca4c952d3debb05ddceabd9b32cd9,
banks/indo/bank-sulutgo,Bank SulutGo,assets/banks/indo/bank-sulutgo.svg,accepted,manual confirmation still required,vector,80,13,"6.15:1 (horizontal, 80x13)",yes,curated-idn,https://cdn.jsdelivr.net/npm/idn-finlogos@2.5.0/dist/icons/bank-bpd-sulutgo.svg,,,f0d6f48ffd6ab3a8bb480fc22d1e45fab3aa5b77dd6be4bd8cd33178b334429d,
banks/indo/bank-sulteng,Bank Sulteng,assets/banks/indo/bank-sulteng.svg,accepted,manual confirmation still required,vector,80,19,"4.21:1 (horizontal, 80x19)",yes,curated-idn,https://cdn.jsdelivr.net/npm/idn-finlogos@2.5.0/dist/icons/bank-bpd-sulteng.svg,,,ce0ce79d210884100e573ced032f7dfa251f978713cc1b999dd0132cf2e08d91,
banks/indo/bank-sultra,Bank Sultra,assets/banks/indo/bank-sultra.svg,accepted,manual confirmation still required,vector,80,25,"3.20:1 (horizontal, 80x25)",yes,curated-idn,https://cdn.jsdelivr.net/npm/idn-finlogos@2.5.0/dist/icons/bank-bpd-sultra.svg,,,008b8b4a0b74267716dcfe6709dc6e0ee4b9489ea30faba3bd5d4efc70e18913,
banks/indo/bank-bpd-bali,Bank BPD Bali,assets/banks/indo/bank-bpd-bali.svg,accepted,manual confirmation still required,vector,80,80,"1.00:1 (square, 80x80)",yes,curated-idn,https://cdn.jsdelivr.net/npm/idn-finlogos@2.5.0/dist/icons/bank-bpd-bali.svg,,,593c74af426ae1c2bf790d3eda1ed0e02845c923370fa70e141ba24383aa3035,
banks/indo/bank-ntb-syariah,Bank NTB Syariah,assets/banks/indo/bank-ntb-syariah.svg,accepted,manual confirmation still required,vector,80,28,"2.86:1 (horizontal, 80x28)",yes,curated-idn,https://cdn.jsdelivr.net/npm/idn-finlogos@2.5.0/dist/icons/bank-bpd-ntb-syariah.svg,,,decff919c1167ac6f1be96c1a779f9ab5b6448e5b7d2cda801f2cd4a71e84d87,
banks/indo/bank-ntt,Bank NTT,assets/banks/indo/bank-ntt.svg,accepted,manual confirmation still required,vector,80,59,"1.36:1 (horizontal, 80x59)",yes,curated-idn,https://cdn.jsdelivr.net/npm/idn-finlogos@2.5.0/dist/icons/bank-bpd-ntt.svg,,,3f49cbf97b2e6ef254ce8c7ff3770d3744012bacde3c35249df20354686ed701,
banks/indo/bank-maluku-malut,Bank Maluku Malut,assets/banks/indo/bank-maluku-malut.svg,accepted,manual confirmation still required,vector,80,21,"3.81:1 (horizontal, 80x21)",yes,curated-idn,https://cdn.jsdelivr.net/npm/idn-finlogos@2.5.0/dist/icons/bank-bpd-maluku-malut.svg,,,cf5c0d18ec17793a4d7e3cb68e27ea58f8db2301b4ed7a10937874ca8570e31a,
banks/indo/bank-papua,Bank Papua,assets/banks/indo/bank-papua.svg,accepted,manual confirmation still required,vector,80,20,"4.00:1 (horizontal, 80x20)",yes,curated-idn,https://cdn.jsdelivr.net/npm/idn-finlogos@2.5.0/dist/icons/bank-bpd-papua.svg,,,034e443736c686fe36bbd3b78f701c19eac8970ea3e0be511055f4f6b423de0b,
banks/sea/sg/dbs,DBS Bank,assets/banks/sea/sg/dbs.svg,accepted,manual confirmation still required,vector,24,24,"1.00:1 (square, 24x24)",yes,curated-global,https://raw.githubusercontent.com/auraveni/global-bank-logos/main/assets/bank/international-bank/dbs.svg,,,c8a13cf699a512ee2c830a7b7b74427c232243a6ec22bff364fdd6f2e02a8127,
banks/sea/sg/ocbc,OCBC Bank,assets/banks/sea/sg/ocbc.svg,review,manual confirmation still required,vector,1549,1635,"1:1.06 (vertical, 1549x1635)",yes,curated-global,https://raw.githubusercontent.com/auraveni/global-bank-logos/main/assets/bank/international-bank/ocbc.svg,,exact-duplicate/shared-mark,7f305910577aea2b911a5ff1d1f78c5198b254ebfc18654d48873cb56a389df0,banks/indo/ocbc-indonesia
banks/sea/sg/uob,UOB,assets/banks/sea/sg/uob.svg,accepted,manual confirmation still required,vector,24,24,"1.00:1 (square, 24x24)",yes,curated-global,https://raw.githubusercontent.com/auraveni/global-bank-logos/main/assets/bank/international-bank/uob.svg,,,ef1c7318b13474ee639691d575fcbe75b2b40ad48cbcb2f4035712c6f188e310,
banks/sea/sg/standard-chartered,Standard Chartered Singapore,assets/banks/sea/sg/standard-chartered.svg,review,manual confirmation still required,vector,24,24,"1.00:1 (square, 24x24)",yes,curated-global,https://raw.githubusercontent.com/auraveni/global-bank-logos/main/assets/bank/international-bank/standard.svg,,exact-duplicate/shared-mark,acc801d627e5446a107f907573620c991fdaa7ffd60fa28578da6c0fd01db529,banks/international/gb/standard-chartered
banks/sea/sg/citibank,Citibank Singapore,assets/banks/sea/sg/citibank.svg,accepted,manual confirmation still required,vector,66,34,"1.94:1 (horizontal, 66x34)",yes,official-or-brand-site,https://www.citibank.com.sg/content/experience-fragments/cgcpc/sg/prelogin/www-citibank-com-sg/footer/master/_jcr_content/root/container/container_1938911663/container_780719881/image.coreimg.svg/1756189707913/citi-logo.svg,,,369c3f90e1555ebc60e50938d76e46f688be505f3753f342bf855395e510e4d2,
banks/sea/sg/maybank,Maybank Singapore,assets/banks/sea/sg/maybank.svg,review,manual confirmation still required,vector,24,24,"1.00:1 (square, 24x24)",yes,curated-global,https://raw.githubusercontent.com/auraveni/global-bank-logos/main/assets/bank/international-bank/maybank.svg,,exact-duplicate/shared-mark,3c794acf2b48a77ab02a5bf5793663f7bb036bc89d77772e2d4ac2287363f213,banks/sea/my/maybank
banks/sea/my/maybank,Maybank,assets/banks/sea/my/maybank.svg,review,manual confirmation still required,vector,24,24,"1.00:1 (square, 24x24)",yes,curated-global,https://raw.githubusercontent.com/auraveni/global-bank-logos/main/assets/bank/international-bank/maybank.svg,,exact-duplicate/shared-mark,3c794acf2b48a77ab02a5bf5793663f7bb036bc89d77772e2d4ac2287363f213,banks/sea/sg/maybank
banks/sea/my/cimb,CIMB Bank,assets/banks/sea/my/cimb.svg,fallback,manual confirmation still required,vector,240,72,"3.33:1 (horizontal, 240x72)",yes,fallback,,,,da0536c3f209662da5954b9d900be6f92b973b864b8d0031be894b079a239b7e,
banks/sea/my/public-bank,Public Bank,assets/banks/sea/my/public-bank.svg,fallback,manual confirmation still required,vector,240,72,"3.33:1 (horizontal, 240x72)",yes,fallback,,,,40de863d754713172299131d9966763ef11d0fbb0c2e29c8dd6708e4b6d4f3eb,
banks/sea/my/rhb,RHB Bank,assets/banks/sea/my/rhb.webp,review,manual confirmation still required,raster,248,80,"3.10:1 (horizontal, 248x80)",yes,official-or-brand-site,https://www.rhbgroup.com/-/media/Project/RHB/Logo/logo.png,,low-headroom:248px; 256px preferred,e3697733fe9d76fec2a33eb98ae9d9c9ecebd55f45a635ce376a5bc987b3f8b5,
banks/sea/my/hong-leong-bank,Hong Leong Bank,assets/banks/sea/my/hong-leong-bank.png,review,manual confirmation still required,raster,220,40,"5.50:1 (horizontal, 220x40)",yes,official-or-brand-site,https://www.hlb.com.my/content/dam/global/icons/logo-hong-leong-desktop.png,,low-headroom:220px; 256px preferred,6d0d7c4f907ac7d4da077d9e18d0c2d75876944f8423ee754811f93528a8dbb1,
banks/sea/my/ambank,AmBank,assets/banks/sea/my/ambank.svg,accepted,manual confirmation still required,vector,105,61,"1.72:1 (horizontal, 105x61)",yes,official-or-brand-site,https://www.ambank.com.my/assets/images/logo/main.svg,,,05ab459f059cb82862dfe46f56d874e08bb1f67f56a1ff896cd26863e99423a1,
banks/sea/my/bank-islam,Bank Islam,assets/banks/sea/my/bank-islam.svg,fallback,manual confirmation still required,vector,240,72,"3.33:1 (horizontal, 240x72)",yes,fallback,,,,e0cac62b81abfc9c940032aebe6f93b5039e03dcc3218f2b1eb602e913fc21bb,
banks/sea/th/bangkok-bank,Bangkok Bank,assets/banks/sea/th/bangkok-bank.svg,fallback,manual confirmation still required,vector,240,72,"3.33:1 (horizontal, 240x72)",yes,fallback,,,,5518a009f6fce9ea9b6406fc1978ccd45c836fd8c3ff1bf3dd81a6bec522e061,
banks/sea/th/kasikornbank,Kasikornbank (KBank),assets/banks/sea/th/kasikornbank.svg,fallback,manual confirmation still required,vector,240,72,"3.33:1 (horizontal, 240x72)",yes,fallback,,,,06d3dcc8831f10e1a884b5fd4c1074d2588f6314a463781c7f0d99f1e684d3a6,
banks/sea/th/scb,Siam Commercial Bank (SCB),assets/banks/sea/th/scb.svg,accepted,manual confirmation still required,vector,240,75,"3.20:1 (horizontal, 240x75)",yes,official-or-authoritative,https://commons.wikimedia.org/wiki/File%3ASiam_Commercial_Bank_Logo.svg,,,f5dc7dff2d23eaef5cc87923023abdb6ad92ed4f7191fa179d0d0c2f2908ed18,
banks/sea/th/krungthai,Krungthai Bank,assets/banks/sea/th/krungthai.svg,accepted,manual confirmation still required,vector,24,24,"1.00:1 (square, 24x24)",yes,curated-global,https://raw.githubusercontent.com/auraveni/global-bank-logos/main/assets/bank/international-bank/krungthai.svg,,,41a3cf6ab900c4b61eeb0d47fac388162f02738da002b9ddd7623d024539253e,
banks/sea/th/krungsri,Krungsri (Bank of Ayudhya),assets/banks/sea/th/krungsri.svg,fallback,manual confirmation still required,vector,240,72,"3.33:1 (horizontal, 240x72)",yes,fallback,,,,04f72d4d183f0f56fc7785b4a3d70593a5d170aa2e923924436efa4278b41501,
banks/sea/th/ttb,ttb (TMBThanachart Bank),assets/banks/sea/th/ttb.svg,accepted,manual confirmation still required,vector,48,23,"2.03:1 (horizontal, 48x23)",yes,official-or-brand-site,https://www.ttbbank.com/th/about-us/ttb-logo,,,be7deb1488e899fdb565de13328177b02df801ca021ff71a8243e38b696f728f,
banks/sea/ph/bdo,BDO Unibank,assets/banks/sea/ph/bdo.svg,fallback,manual confirmation still required,vector,240,72,"3.33:1 (horizontal, 240x72)",yes,fallback,,,,f0bd33b00b9bcfc1e4abf93a5ee3abbe422de5069899f9627ba1cb5dcb75352d,
banks/sea/ph/bpi,Bank of the Philippine Islands (BPI),assets/banks/sea/ph/bpi.svg,accepted,manual confirmation still required,vector,100,42,"2.38:1 (horizontal, 100x42)",yes,official-or-brand-site,https://www.bpi.com.ph/content/dam/bpi/main-navigation/BPI_RT__96x42_header_rev.svg,,,66b6d96c4d08bbb13192c3f8885cad935b706164bcf15939855cc9802fb70e51,
banks/sea/ph/metrobank,Metrobank,assets/banks/sea/ph/metrobank.png,review,manual confirmation still required,raster,233,56,"4.16:1 (horizontal, 233x56)",yes,official-or-brand-site,https://web-assets.metrobank.com.ph/1724928977-mb-yigh-logo-2019-electric-blue.png,,low-headroom:233px; 256px preferred,ac88e60e81edeade260eafc7337176091a01f5cb3a209cf3b9c53ca04f3649c0,
banks/sea/ph/landbank,Landbank,assets/banks/sea/ph/landbank.svg,fallback,manual confirmation still required,vector,240,72,"3.33:1 (horizontal, 240x72)",yes,fallback,,,,1ca71375df4fbdecda1df3f75781748a90645df501905f322960b3076bd93d68,
banks/sea/ph/security-bank,Security Bank,assets/banks/sea/ph/security-bank.svg,fallback,manual confirmation still required,vector,240,72,"3.33:1 (horizontal, 240x72)",yes,fallback,,,,90d6792f5875c8eb799c6a14d6d3614e025000fd60b0e25c671b5041335231e9,
banks/sea/ph/unionbank,UnionBank of the Philippines,assets/banks/sea/ph/unionbank.svg,fallback,manual confirmation still required,vector,240,72,"3.33:1 (horizontal, 240x72)",yes,fallback,,,,89ed0b5859e4412e6c3940d19900ab5f7d6f56e0cf8b981f2df33379ceb6da63,
banks/sea/vn/vietcombank,Vietcombank,assets/banks/sea/vn/vietcombank.webp,accepted,manual confirmation still required,raster,365,124,"2.94:1 (horizontal, 365x124)",yes,official-or-brand-site,https://www.vietcombank.com.vn/-/media/Project/VCB-Sites/VCB/Home-page/VCB-Logo/Logo-VCB-no-60.png?ts=20240605031450,,,3f150677b38bb862fe9e5091328ac69487dc24c39cf8fcccf01bedbb8ca9de55,
banks/sea/vn/vietinbank,VietinBank,assets/banks/sea/vn/vietinbank.svg,fallback,manual confirmation still required,vector,240,72,"3.33:1 (horizontal, 240x72)",yes,fallback,,,,b8f7d203acacf5c82c867ae78defd0a3eef199ad535bc8f83b6ff7a8bc49ad5a,
banks/sea/vn/bidv,BIDV,assets/banks/sea/vn/bidv.svg,fallback,manual confirmation still required,vector,240,72,"3.33:1 (horizontal, 240x72)",yes,fallback,,,,36434e24b3013027cbf3c6d0ba3b6ba9e77c52454b8001a437eb7afe810c89e4,
banks/sea/vn/techcombank,Techcombank,assets/banks/sea/vn/techcombank.svg,accepted,manual confirmation still required,vector,406,55,"7.34:1 (horizontal, 406x55)",yes,official-or-brand-site,https://techcombank.com/content/dam/techcombank/public-site/seo/techcombank_logo_svg_86201e50d1.svg,,,785d11b825d94cab6d5e97a27cd7808bf6f96086b4c687a262ceb4d81a632818,
banks/sea/vn/vpbank,VPBank,assets/banks/sea/vn/vpbank.svg,fallback,manual confirmation still required,vector,240,72,"3.33:1 (horizontal, 240x72)",yes,fallback,,,,b26cf9d126359110e8c0576f8a162c2218b57369d1e958bc905abceb2b25a792,
banks/sea/vn/acb,ACB (Asia Commercial Bank),assets/banks/sea/vn/acb.svg,accepted,manual confirmation still required,vector,135,56,"2.41:1 (horizontal, 135x56)",yes,official-or-brand-site,https://acb.com.vn/_next/image?url=%2Fimages%2Flogo.svg&w=384&q=70,,,7b3827dc84c80e0f39950ac66f5bb948547013ce02bb1756ec6641770baf10e5,
banks/sea/vn/sacombank,Sacombank,assets/banks/sea/vn/sacombank.png,accepted,manual confirmation still required,raster,512,512,"1.00:1 (square, 512x512)",yes,official-or-brand-site,https://www.sacombank.com.vn/android-chrome-512x512.png,,,95330a5ce1376b149be1e86fa9503dfb8c040bf491b9621bfcdcef41df6feed9,
banks/sea/kh/aba-bank,ABA Bank,assets/banks/sea/kh/aba-bank.svg,fallback,manual confirmation still required,vector,240,72,"3.33:1 (horizontal, 240x72)",yes,fallback,,,,4c7556454c149f3b9a9d88409a75c48a4d9ebb02a3a416945dcd9101b0b048a9,
banks/sea/la/bcel,BCEL (Banque pour le Commerce Exterieur Lao),assets/banks/sea/la/bcel.png,review,manual confirmation still required,raster,130,126,"1.03:1 (square, 130x126)",yes,official-or-brand-site,https://www.bcel.com.la/bcel/resources/imgs/ibank1_1.png,,low-headroom:130px; 256px preferred,26b33bc7e723ac0c111688ac01b7d6f150f99d27b5ffba620848e068024f0e8a,
banks/sea/bn/bibd,Bank Islam Brunei Darussalam (BIBD),assets/banks/sea/bn/bibd.png,review,manual confirmation still required,raster,155,58,"2.67:1 (horizontal, 155x58)",yes,official-or-brand-site,https://bibd.com.bn/wp-content/uploads/2021/10/BIBD-logo.png,,low-headroom:155px; 256px preferred,3cb80d443af502975f63245508b924446671e024e31f30fb20eab84a67a50567,
banks/sea/mm/kbz-bank,KBZ Bank,,skipped,manual confirmation still required,unknown,0,0,TBD,no,unknown,,missing-file,unattributed-source,,
banks/international/gb/hsbc,HSBC,assets/banks/international/gb/hsbc.svg,accepted,manual confirmation still required,vector,24,24,"1.00:1 (square, 24x24)",yes,curated-global,https://raw.githubusercontent.com/auraveni/global-bank-logos/main/assets/bank/international-bank/hsbc.svg,,,26e8fa5035d99f0d08c501f58e23fe0d73643f5a4f696164562ded5f798041bf,
banks/international/us/citibank,Citibank,assets/banks/international/us/citibank.svg,accepted,manual confirmation still required,vector,24,24,"1.00:1 (square, 24x24)",yes,curated-global,https://raw.githubusercontent.com/auraveni/global-bank-logos/main/assets/bank/international-bank/citi.svg,,,8d1fbf71d1feaaadaf559f138a63307b056d761033b47d6793e27a39fbf6e3af,
banks/international/gb/standard-chartered,Standard Chartered,assets/banks/international/gb/standard-chartered.svg,review,manual confirmation still required,vector,24,24,"1.00:1 (square, 24x24)",yes,curated-global,https://raw.githubusercontent.com/auraveni/global-bank-logos/main/assets/bank/international-bank/standard.svg,,exact-duplicate/shared-mark,acc801d627e5446a107f907573620c991fdaa7ffd60fa28578da6c0fd01db529,banks/sea/sg/standard-chartered
banks/international/us/jpmorgan-chase,JPMorgan Chase,assets/banks/international/us/jpmorgan-chase.svg,accepted,manual confirmation still required,vector,24,24,"1.00:1 (square, 24x24)",yes,curated-global,https://raw.githubusercontent.com/auraveni/global-bank-logos/main/assets/bank/international-bank/chase.svg,,,7e40548b4c209b2f0f6b7dbe63af86013cb9981f9661e6aee7f6e7cbde9f0cc2,
banks/international/us/bank-of-america,Bank of America,assets/banks/international/us/bank-of-america.svg,accepted,manual confirmation still required,vector,24,24,"1.00:1 (square, 24x24)",yes,curated-global,https://raw.githubusercontent.com/auraveni/global-bank-logos/main/assets/bank/international-bank/boa.svg,,,bbaaf714718aa6de78e9e81fcfb034c51ae6def32a8b696683cfa9119810738d,
banks/international/us/wells-fargo,Wells Fargo,assets/banks/international/us/wells-fargo.svg,accepted,manual confirmation still required,vector,84,86,"1:1.02 (square, 84x86)",yes,curated-global,https://raw.githubusercontent.com/auraveni/global-bank-logos/main/assets/bank/international-bank/wells.svg,,,2e2bce8072fd6983baff22eb62d43a025213b6dbdb2a5acd9f6fa53970f58aca,
banks/international/us/capital-one,Capital One,assets/banks/international/us/capital-one.svg,fallback,manual confirmation still required,vector,240,72,"3.33:1 (horizontal, 240x72)",yes,fallback,,,,789a1d1cf19581b60ab58dccf3fdf37cd20f955641eb74affdf7ae14b24127db,
banks/international/us/us-bank,U.S. Bank,assets/banks/international/us/us-bank.svg,accepted,manual confirmation still required,vector,258,72,"3.59:1 (horizontal, 258x72)",yes,official-or-brand-site,https://www.usbank.com/etc.clientlibs/ecm-global/clientlibs/clientlib-resources/resources/images/svg/logo-personal.svg,,,45af6b9ccb8c5611f81cc5f99761b96cf7f12647446c34b8f5069bc50f1b365a,
banks/international/us/pnc-bank,PNC Bank,assets/banks/international/us/pnc-bank.svg,fallback,manual confirmation still required,vector,240,72,"3.33:1 (horizontal, 240x72)",yes,fallback,,,,dc537dfa2727d073968cb4ae726ba8b3bbcb4160f7a43cc65961db590d3cd000,
banks/international/us/chime,Chime,assets/banks/international/us/chime.svg,fallback,manual confirmation still required,vector,240,72,"3.33:1 (horizontal, 240x72)",yes,fallback,,,,83b6ceaae4910a21a38aaaa35317f0937a3559d184c2623ba2128b54281d14a0,
banks/international/gb/barclays,Barclays,assets/banks/international/gb/barclays.svg,accepted,manual confirmation still required,vector,24,24,"1.00:1 (square, 24x24)",yes,curated-global,https://raw.githubusercontent.com/auraveni/global-bank-logos/main/assets/bank/international-bank/barclays.svg,,,171717145a803263b3825e8ad34378e36d1df110c9f8b54c8fdfcd42b5d6ed06,
banks/international/gb/lloyds-bank,Lloyds Bank,assets/banks/international/gb/lloyds-bank.svg,fallback,manual confirmation still required,vector,240,72,"3.33:1 (horizontal, 240x72)",yes,fallback,,,,244d286a9703067320f2446f52d87b544b55676f3f93aa2637f8f3398af9b5de,
banks/international/gb/natwest,NatWest,assets/banks/international/gb/natwest.svg,accepted,manual confirmation still required,vector,24,24,"1.00:1 (square, 24x24)",yes,curated-global,https://raw.githubusercontent.com/auraveni/global-bank-logos/main/assets/bank/international-bank/natwest.svg,,,8bb864d557fe495d7439fb281b07c0366f8780651ba6998de813fe354d4b5908,
banks/international/gb/santander-uk,Santander UK,assets/banks/international/gb/santander-uk.svg,accepted,manual confirmation still required,vector,816,144,"5.67:1 (horizontal, 816x144)",yes,official-or-brand-site,https://www.santander.co.uk/themes/custom/santander_web18_2_0/logo.svg,,,355e6be0b9b189e354f5602a2b9af2538cf5203d852fd14ef5fc15150fb769ea,
banks/international/gb/monzo,Monzo,assets/banks/international/gb/monzo.svg,accepted,manual confirmation still required,vector,24,24,"1.00:1 (square, 24x24)",yes,curated-simple-icons,https://github.com/simple-icons/simple-icons/blob/develop/icons/monzo.svg,,,91a20ce29789ac2e4bd6debd251c9f965eea0945a78f3e94e704e4cb0dd7cce0,
banks/international/de/deutsche-bank,Deutsche Bank,assets/banks/international/de/deutsche-bank.svg,accepted,manual confirmation still required,vector,24,24,"1.00:1 (square, 24x24)",yes,curated-global,https://raw.githubusercontent.com/auraveni/global-bank-logos/main/assets/bank/international-bank/deutsche.svg,,,1d5863ac7a26536b7694945f571e01b1f0a49ba522273e8372eb517c808a3dcf,
banks/international/de/commerzbank,Commerzbank,assets/banks/international/de/commerzbank.svg,accepted,manual confirmation still required,vector,24,24,"1.00:1 (square, 24x24)",yes,curated-simple-icons,https://github.com/simple-icons/simple-icons/blob/develop/icons/commerzbank.svg,,,e25c5a51884c00e4bfa0d115502beb51dc027a60fdde3ed833fe0e76a72cf477,
banks/international/de/n26,N26,assets/banks/international/de/n26.svg,fallback,manual confirmation still required,vector,240,72,"3.33:1 (horizontal, 240x72)",yes,fallback,,,,5cf568bea7ba0a5a7c7da706b3ad24be4084afbda6fec65af34663c37c741006,
banks/international/fr/bnp-paribas,BNP Paribas,assets/banks/international/fr/bnp-paribas.svg,accepted,manual confirmation still required,vector,24,24,"1.00:1 (square, 24x24)",yes,curated-global,https://raw.githubusercontent.com/auraveni/global-bank-logos/main/assets/bank/international-bank/bnp.svg,,,45bd4c185fdf6e69a9aee76496b240ad81837fd9dc3fcad3ed230820e0e0b37a,
banks/international/fr/societe-generale,Société Générale,assets/banks/international/fr/societe-generale.svg,accepted,manual confirmation still required,vector,24,24,"1.00:1 (square, 24x24)",yes,curated-global,https://raw.githubusercontent.com/auraveni/global-bank-logos/main/assets/bank/international-bank/societe-generale.svg,,,a15515c636fd7169bf11a342ea45f1d5d076fbd4e73194710e8ca752c852b40e,
banks/international/fr/credit-agricole,Crédit Agricole,assets/banks/international/fr/credit-agricole.svg,fallback,manual confirmation still required,vector,240,72,"3.33:1 (horizontal, 240x72)",yes,fallback,,,,97fc9d9563fef66d710a6051fbc403ad9c415761629de102797d5a25512de914,
banks/international/nl/ing,ING,assets/banks/international/nl/ing.svg,fallback,manual confirmation still required,vector,240,72,"3.33:1 (horizontal, 240x72)",yes,fallback,,,,f103bcbc0f79286d8330510d693096c0538734473e31ceb70914862cefb67753,
banks/international/nl/abn-amro,ABN AMRO,assets/banks/international/nl/abn-amro.svg,accepted,manual confirmation still required,vector,24,24,"1.00:1 (square, 24x24)",yes,curated-global,https://raw.githubusercontent.com/auraveni/global-bank-logos/main/assets/bank/international-bank/abn-amro.svg,,,56975549615ac488807ed01298dea31952c1e2936be2ffc8bc78455383043bd3,
banks/international/nl/rabobank,Rabobank,assets/banks/international/nl/rabobank.svg,accepted,manual confirmation still required,vector,20,24,"1:1.20 (vertical, 20x24)",yes,curated-global,https://raw.githubusercontent.com/auraveni/global-bank-logos/main/assets/bank/international-bank/rabobank.svg,,,09ca3c036d47e148664e6f33d86eb5bb041dca979d810fa53f3b1a5036f33792,
banks/international/cn/bank-of-china,Bank of China,assets/banks/international/cn/bank-of-china.svg,review,manual confirmation still required,vector,24,24,"1.00:1 (square, 24x24)",yes,curated-global,https://raw.githubusercontent.com/auraveni/global-bank-logos/main/assets/bank/international-bank/boc.svg,,exact-duplicate/shared-mark,5e631d3499d91bad2b61cfc30af3949d600618830de69afc8d99dc9c7c5ce3a8,banks/indo/bank-of-china-indonesia; banks/international/hk/bank-of-china-hk
banks/international/cn/icbc,Industrial and Commercial Bank of China (ICBC),assets/banks/international/cn/icbc.svg,accepted,manual confirmation still required,vector,24,24,"1.00:1 (square, 24x24)",yes,curated-global,https://raw.githubusercontent.com/auraveni/global-bank-logos/main/assets/bank/international-bank/icbc.svg,,,8b0a89885c5630e1ce7d76383e556e9fc760e6cc1c1737021d1c952067687280,
banks/international/cn/china-construction-bank,China Construction Bank,assets/banks/international/cn/china-construction-bank.svg,fallback,manual confirmation still required,vector,240,72,"3.33:1 (horizontal, 240x72)",yes,fallback,,,,cae3c91cd72105bda5652b5537137da733fc5bf30aa335e175f70bf89b3340b8,
banks/international/cn/agricultural-bank-of-china,Agricultural Bank of China,assets/banks/international/cn/agricultural-bank-of-china.png,review,manual confirmation still required,raster,220,48,"4.58:1 (horizontal, 220x48)",yes,official-or-brand-site,http://www.abchina.com/cn/images/logo_ue2.png,,low-headroom:220px; 256px preferred,b0dc140a8bb52abcc1c13a523b010afad76a94af3e270d1fef1b47e15cba57cf,
banks/international/cn/china-merchants-bank,China Merchants Bank,assets/banks/international/cn/china-merchants-bank.png,review,manual confirmation still required,raster,132,146,"1:1.11 (vertical, 132x146)",yes,official-or-brand-site,https://wwwcdn.cmbimg.com/Images/logo.png,,low-headroom:146px; 256px preferred,8ef0aa09b7c8a66e7ea715db4b72b10a1d44f7792ef2f057a27cf02d4f85a2fd,
banks/international/au/commonwealth-bank,Commonwealth Bank of Australia,assets/banks/international/au/commonwealth-bank.svg,accepted,manual confirmation still required,vector,322,322,"1.00:1 (square, 322x322)",yes,curated-global,https://raw.githubusercontent.com/auraveni/global-bank-logos/main/assets/bank/international-bank/commonwealth.svg,,,9963a1f7026b7c24f7238b0e6c50f6a680fde8be896663047d3ff322b127bca8,
banks/international/au/westpac,Westpac,assets/banks/international/au/westpac.svg,accepted,manual confirmation still required,vector,24,24,"1.00:1 (square, 24x24)",yes,curated-global,https://raw.githubusercontent.com/auraveni/global-bank-logos/main/assets/bank/international-bank/westpac.svg,,,c474c923a34fa66b4ab8744e71a1275b7b965496170053bffe91f402e8b87a80,
banks/international/au/anz-australia,ANZ,assets/banks/international/au/anz-australia.svg,accepted,manual confirmation still required,vector,24,24,"1.00:1 (square, 24x24)",yes,curated-global,https://raw.githubusercontent.com/auraveni/global-bank-logos/main/assets/bank/international-bank/anz.svg,,,1c2c23462a7b451b3f1a0df82d1aa372290509f035254b698ad359b827d47628,
banks/international/au/nab,National Australia Bank (NAB),assets/banks/international/au/nab.svg,accepted,manual confirmation still required,vector,1549,1589,"1:1.03 (square, 1549x1589)",yes,curated-global,https://raw.githubusercontent.com/auraveni/global-bank-logos/main/assets/bank/international-bank/nab.svg,,,98b5ef6b40bdcdc0f2f82181270747c2836fc29296c51c77be722a5a207d9dc2,
banks/international/ca/rbc,Royal Bank of Canada (RBC),assets/banks/international/ca/rbc.svg,accepted,manual confirmation still required,vector,39,45,"1:1.16 (vertical, 39x45)",yes,curated-global,https://raw.githubusercontent.com/auraveni/global-bank-logos/main/assets/bank/international-bank/rbc.svg,,,6dbeced777610e846ad72fa98ae5424dde9e41bbe08d08647434653c2443696a,
banks/international/ca/td-bank,TD Bank,assets/banks/international/ca/td-bank.svg,accepted,manual confirmation still required,vector,1561,1396,"1.12:1 (horizontal, 1561x1396)",yes,curated-global,https://raw.githubusercontent.com/auraveni/global-bank-logos/main/assets/bank/international-bank/td.svg,,,ce48d83171302c4c6b72b33d29aa638bc69a8696158939ce3e0c54a30fab0a6c,
banks/international/ca/scotiabank,Scotiabank,assets/banks/international/ca/scotiabank.svg,accepted,manual confirmation still required,vector,207,29,"7.14:1 (horizontal, 207x29)",yes,official-or-brand-site,https://www.scotiabank.com/content/dam/scotiabank/images/logos/2019/scotiabank-logo-red-desktop-200px.svg,,,87377846365e879595a7912be60a6998e56d8eb64e6f2c978a4a6e34e7532d6a,
banks/international/jp/mufg-bank,MUFG Bank,assets/banks/international/jp/mufg-bank.svg,accepted,manual confirmation still required,vector,24,24,"1.00:1 (square, 24x24)",yes,curated-global,https://raw.githubusercontent.com/auraveni/global-bank-logos/main/assets/bank/international-bank/mufg.svg,,,d8e82689239296951117aad127642ca7373ff5150b811d97aa3b6a482ed1db93,
banks/international/jp/smbc,Sumitomo Mitsui Banking Corporation (SMBC),assets/banks/international/jp/smbc.svg,accepted,manual confirmation still required,vector,24,24,"1.00:1 (square, 24x24)",yes,curated-global,https://raw.githubusercontent.com/auraveni/global-bank-logos/main/assets/bank/international-bank/smbc.svg,,,85d17acfe8df8d717be3f09641551af3702b03c38099e969440de66d6d6b1ca8,
banks/international/jp/japan-post-bank,Japan Post Bank,assets/banks/international/jp/japan-post-bank.svg,fallback,manual confirmation still required,vector,240,72,"3.33:1 (horizontal, 240x72)",yes,fallback,,,,b29eef2536e65c0f1f3778366cde420064b0fbe259370cb626a3024f8d854adc,
banks/international/kr/kb-kookmin-bank,KB Kookmin Bank,assets/banks/international/kr/kb-kookmin-bank.svg,fallback,manual confirmation still required,vector,240,72,"3.33:1 (horizontal, 240x72)",yes,fallback,,,,4176e622921faa0934680be2eb7be0d0aaf7e18c4793fdde5deec14fbec6d31e,
banks/international/kr/shinhan-bank,Shinhan Bank,assets/banks/international/kr/shinhan-bank.svg,accepted,manual confirmation still required,vector,24,24,"1.00:1 (square, 24x24)",yes,curated-global,https://raw.githubusercontent.com/auraveni/global-bank-logos/main/assets/bank/international-bank/shinhan.svg,,,55027475061d7339b63d8a6b9f316eb4740b73708a27e83d1c2e4a6b518acc94,
banks/international/kr/woori-bank,Woori Bank,assets/banks/international/kr/woori-bank.svg,accepted,manual confirmation still required,vector,24,24,"1.00:1 (square, 24x24)",yes,curated-global,https://raw.githubusercontent.com/auraveni/global-bank-logos/main/assets/bank/international-bank/woori.svg,,,48b187bf8f92ab90b5fea9eb285ffc9e8fa006c6fceb6ef192823daa1ddef290,
banks/international/hk/hang-seng-bank,Hang Seng Bank,assets/banks/international/hk/hang-seng-bank.svg,fallback,manual confirmation still required,vector,240,72,"3.33:1 (horizontal, 240x72)",yes,fallback,,,,2b1f90ffd953feb265b8964566053e66a8db9b703fd7aede212ac333620e92da,
banks/international/hk/bank-of-china-hk,Bank of China (Hong Kong),assets/banks/international/hk/bank-of-china-hk.svg,review,manual confirmation still required,vector,24,24,"1.00:1 (square, 24x24)",yes,curated-global,https://raw.githubusercontent.com/auraveni/global-bank-logos/main/assets/bank/international-bank/boc.svg,,exact-duplicate/shared-mark,5e631d3499d91bad2b61cfc30af3949d600618830de69afc8d99dc9c7c5ce3a8,banks/indo/bank-of-china-indonesia; banks/international/cn/bank-of-china
