figma_path,institution,category,region,country,website,source_url,variant,variant_reason,aspect,background,file_link,status,notes
banks/indo/bank-mandiri,Bank Mandiri,bank,Indonesia,,https://www.bankmandiri.co.id,https://is1-ssl.mzstatic.com/image/thumb/Purple221/v4/32/e9/73/32e97344-be52-db91-23ee-42a3c82aa6eb/AppIcon-0-0-1x_U007emarketing-0-7-0-0-85-220.png/1024x1024bb.png,wordmark,Wordmark is the standard public mark,"1.00:1 (square, 1024x1024)",has own baked-in background,assets/banks/indo/bank-mandiri.png,Needs Review,State-owned (KBMI 4). Auto-sourced via app-store.
banks/indo/bri,Bank Rakyat Indonesia (BRI),bank,Indonesia,,https://www.bri.co.id,https://www.bri.co.id/web/guest/_next/image?url=https%3A%2F%2Fbri.co.id%2Fweb%2Fguest%2Fapi%2Ffiles%2F%3Fpath%3D%2Fsites%2Fdefault%2Ffiles%2Fimages%2FLogo%2520BRI_updated_blue%2520%25282%2529.png&w=256&q=75,wordmark,Wordmark is the standard public mark,"1.88:1 (horizontal, 256x136)",transparent,assets/banks/indo/bri.png,Needs Review,State-owned (KBMI 4). Verify: OJK/BI register. Auto-sourced via brand-site.
banks/indo/bni,Bank Negara Indonesia (BNI),bank,Indonesia,,https://www.bni.co.id,,icon,"Standalone symbol, reads well compact",TBD (square-ish),TBD,,Needs Review,State-owned (KBMI 4). Verify: OJK/BI register.
banks/indo/bca,Bank Central Asia (BCA),bank,Indonesia,,https://www.bca.co.id,https://www.bca.co.id/-/media/Feature/Header/Header-Logo/logo-bca.svg?v=1,icon,"Standalone symbol, reads well compact","2.24:1 (horizontal, 123x55)",vector (verify no baked-in background),assets/banks/indo/bca.svg,Needs Review,Largest private bank. Verify: OJK/BI register. Auto-sourced via brand-press.
banks/indo/btn,Bank Tabungan Negara (BTN),bank,Indonesia,,https://www.btn.co.id,https://www.btn.co.id/-/media/Images/Corporate/Flags/flags/flag_us.svg?h=24&w=28&hash=9B9730C8C0550B8BE8E6DFAD9C6FD0F5,wordmark,Wordmark is the standard public mark,"1.47:1 (horizontal, 22x15)",vector (verify no baked-in background),assets/banks/indo/btn.svg,Needs Review,State-owned. Verify: OJK/BI register. Auto-sourced via brand-site.
banks/indo/bsi,Bank Syariah Indonesia (BSI),bank,Indonesia,,https://www.bankbsi.co.id,https://www.bankbsi.co.id/img/logo bewize.png,wordmark,Wordmark is the standard public mark,"2.41:1 (horizontal, 3058x1271)",transparent,assets/banks/indo/bsi.png,Needs Review,Formed 2021 from BRIsyariah/BNI Syariah/Mandiri Syariah merger. Auto-sourced via brand-site.
banks/indo/cimb-niaga,CIMB Niaga,bank,Indonesia,,https://www.cimbniaga.co.id,https://www.cimbniaga.co.id/content/dam/cimb/revamp/cimb-logo/logo-cimb-syariah.svg,wordmark,Wordmark is the standard public mark,"4.07:1 (horizontal, 183x45)",vector (verify no baked-in background),assets/banks/indo/cimb-niaga.svg,Needs Review,Verify: OJK/BI register. Auto-sourced via brand-site.
banks/indo/danamon,Bank Danamon,bank,Indonesia,,https://www.danamon.co.id,https://www.danamon.co.id/-/media/Project/Danamon/DCWCOID/v1/Header/Logo/Logo-Danamon-Default-v1.svg?h=29&w=28,wordmark,Wordmark is the standard public mark,"1.49:1 (horizontal, 91x61)",vector (verify no baked-in background),assets/banks/indo/danamon.svg,Needs Review,MUFG-controlled. Auto-sourced via brand-site.
banks/indo/permata,PermataBank,bank,Indonesia,,https://www.permatabank.com,https://www.permatabank.com/favicon.ico,wordmark,Wordmark is the standard public mark,"1.00:1 (square, 256x256)",transparent,assets/banks/indo/permata.png,Needs Review,Owned by Bangkok Bank. Auto-sourced via brand-site.
banks/indo/panin,Bank Panin,bank,Indonesia,,https://www.panin.co.id,,wordmark,Wordmark is the standard public mark,TBD (horizontal),TBD,,Needs Review,Verify: OJK/BI register.
banks/indo/ocbc-indonesia,OCBC Indonesia,bank,Indonesia,,https://www.ocbc.id,https://cdn1.ocbc.id/asset/media/Project/OCBC/OCBCID/V1/Header/Logo-Menu/ocbc-white.png?h=392&w=1452&rev=31388dd61e9a4ea0a80496439349020b,wordmark,Wordmark is the standard public mark,"3.70:1 (horizontal, 1452x392)",transparent,assets/banks/indo/ocbc-indonesia.png,Needs Review,Rebranded from OCBC NISP (2023) - do not use pre-rebrand asset. Auto-sourced via brand-site.
banks/indo/maybank-indonesia,Maybank Indonesia,bank,Indonesia,,https://www.maybank.co.id,https://www.maybank.co.id/-/media/Feature/Content/Header/lock.svg?iar=0&hash=16FFE81C2F66D0261C501493371E0446,wordmark,Wordmark is the standard public mark,"1.00:1 (square, 27x27)",vector (verify no baked-in background),assets/banks/indo/maybank-indonesia.svg,Needs Review,Candidate row; regulator check and asset sourcing outstanding. Auto-sourced via brand-press.
banks/indo/smbc-indonesia,Bank SMBC Indonesia,bank,Indonesia,,,,wordmark,Wordmark is the standard public mark,TBD (horizontal),TBD,,Needs Review,Renamed from Bank BTPN effective 2 Oct 2024 - do NOT use BTPN asset. Official domain changed post-rebrand; confirm before sourcing.
banks/indo/mega,Bank Mega,bank,Indonesia,,https://www.bankmega.com,https://bankmega.com/static/img/bank_mega_logo.png,wordmark,Wordmark is the standard public mark,"1.71:1 (horizontal, 1200x701)",transparent,assets/banks/indo/mega.png,Needs Review,CT Corp group. Auto-sourced via brand-site.
banks/indo/kb-bank,KB Bank,bank,Indonesia,,https://www.kbbank.co.id,https://is1-ssl.mzstatic.com/image/thumb/Purple211/v4/37/60/0f/37600fd4-96a8-b3ab-04fd-2625a8e540b3/AppIcon-0-1x_U007emarketing-0-11-0-85-220-0.png/1024x1024bb.png,wordmark,Wordmark is the standard public mark,"1.00:1 (square, 1024x1024)",has own baked-in background,assets/banks/indo/kb-bank.png,Needs Review,Rebranded from KB Bukopin (2024) - confirm current name/domain. Auto-sourced via app-store.
banks/indo/btpn-syariah,BTPN Syariah,bank,Indonesia,,https://www.btpnsyariah.com,https://www.btpnsyariah.com/api/asset/tag/path/logo,wordmark,Wordmark is the standard public mark,"1.65:1 (horizontal, 312x189)",transparent,assets/banks/indo/btpn-syariah.png,Needs Review,Retains BTPN Syariah name despite parent rebrand - confirm. Auto-sourced via brand-site.
banks/indo/sinarmas,Bank Sinarmas,bank,Indonesia,,https://www.banksinarmas.com,,wordmark,Wordmark is the standard public mark,TBD (horizontal),TBD,,Needs Review,Candidate row; regulator check and asset sourcing outstanding.
banks/indo/bjb,Bank BJB,bank,Indonesia,,https://www.bankbjb.co.id,https://is1-ssl.mzstatic.com/image/thumb/Purple221/v4/04/18/66/04186657-1a13-1a34-5e9f-d98908fbbfb6/AppIcon-0-0-1x_U007emarketing-0-8-0-85-220.png/1024x1024bb.png,wordmark,Wordmark is the standard public mark,"1.00:1 (square, 1024x1024)",has own baked-in background,assets/banks/indo/bjb.png,Needs Review,Regional (BPD West Java). Auto-sourced via app-store.
banks/indo/bank-dki,Bank DKI,bank,Indonesia,,https://www.bankdki.co.id,https://is1-ssl.mzstatic.com/image/thumb/Purple211/v4/af/c7/f9/afc7f987-e7b7-ef06-65a5-3d929a34c02c/AppIcon-0-0-1x_U007emarketing-0-11-0-85-220.png/1024x1024bb.png,wordmark,Wordmark is the standard public mark,"1.00:1 (square, 1024x1024)",has own baked-in background,assets/banks/indo/bank-dki.png,Needs Review,Regional (Jakarta). Auto-sourced via app-store.
banks/indo/bank-jatim,Bank Jatim,bank,Indonesia,,https://www.bankjatim.co.id,https://www.bankjatim.co.id/themes/bjtm07/assets/img/logo.png,wordmark,Wordmark is the standard public mark,"4.00:1 (horizontal, 160x40)",transparent,assets/banks/indo/bank-jatim.png,Needs Review,Regional (East Java). Auto-sourced via brand-press.
banks/indo/muamalat,Bank Muamalat,bank,Indonesia,,https://www.bankmuamalat.co.id,https://is1-ssl.mzstatic.com/image/thumb/Purple221/v4/ee/bd/1e/eebd1efa-f525-1ab2-a107-88e60c6e9fab/AppIcon-0-0-1x_U007emarketing-0-6-0-85-220.png/1024x1024bb.png,wordmark,Wordmark is the standard public mark,"1.00:1 (square, 1024x1024)",has own baked-in background,assets/banks/indo/muamalat.png,Needs Review,First Indonesian sharia bank. Auto-sourced via app-store.
banks/indo/jago,Bank Jago,bank,Indonesia,,https://www.jago.com,https://www.jago.com/images/brand/logo-jago-re.svg,app-icon,App icon is the most recognised mark,"2.37:1 (horizontal, 1386x584)",vector (verify no baked-in background),assets/banks/indo/jago.svg,Needs Review,Digital bank. Auto-sourced via brand-site.
banks/indo/seabank,SeaBank Indonesia,bank,Indonesia,,https://www.seabank.co.id,https://appmanager.seabank.co.id/seamoney/bke/app-manager/live/front_low_code/20230920/40abe4c7131b49d2bd27d9994c405e58.svg,app-icon,App icon is the most recognised mark,"3.11:1 (horizontal, 252x81)",vector (verify no baked-in background),assets/banks/indo/seabank.svg,Needs Review,Sea Group. Auto-sourced via brand-site.
banks/indo/allo-bank,Allo Bank,bank,Indonesia,,https://www.allobank.com,https://is1-ssl.mzstatic.com/image/thumb/Purple221/v4/e4/26/62/e4266263-377c-9ebe-e076-cf4bac09aed8/AppIcon-0-0-1x_U007emarketing-0-8-0-sRGB-85-220.png/1024x1024bb.png,app-icon,App icon is the most recognised mark,"1.00:1 (square, 1024x1024)",has own baked-in background,assets/banks/indo/allo-bank.png,Needs Review,CT Corp group. Auto-sourced via app-store.
banks/indo/superbank,Superbank,bank,Indonesia,,https://superbank.id,https://is1-ssl.mzstatic.com/image/thumb/Purple221/v4/b0/22/19/b0221973-f44f-f5be-02b2-7a6ba46a24f5/AppIcon-0-0-1x_U007emarketing-0-11-0-85-220.png/1024x1024bb.png,app-icon,App icon is the most recognised mark,"1.00:1 (square, 1024x1024)",has own baked-in background,assets/banks/indo/superbank.png,Needs Review,Grab/Singtel/Emtek backed. Auto-sourced via app-store.
banks/indo/neo-commerce,Bank Neo Commerce,bank,Indonesia,,https://www.bankneocommerce.co.id,https://www-cms.bankneo.co.id/storage/photos/1/logo/logo_bnc_dark.png,app-icon,App icon is the most recognised mark,"2.30:1 (horizontal, 184x80)",transparent,assets/banks/indo/neo-commerce.png,Needs Review,Candidate row; regulator check and asset sourcing outstanding. Auto-sourced via brand-site.
banks/indo/blu-bca,blu by BCA Digital,bank,Indonesia,,https://blubybcadigital.id,https://blubybcadigital.id/cms/uploads/twitter_logo_new_white_e56fec9cd5.png,app-icon,App icon is the most recognised mark,"1.00:1 (square, 1080x1080)",transparent,assets/banks/indo/blu-bca.png,Needs Review,Distinct brand from BCA parent - keep separate row. Auto-sourced via brand-site.
banks/indo/hsbc-indonesia,HSBC Indonesia,bank,Indonesia,,https://www.hsbc.co.id,https://www.hsbc.co.id/etc.clientlibs/dpws/clientlibs-public/clientlib-site/resources/favicons/safari-pinned-tab.svg,icon,"Standalone symbol, reads well compact","1.00:1 (square, 195x195)",vector (verify no baked-in background),assets/banks/indo/hsbc-indonesia.svg,Needs Review,Local arm of global group. Auto-sourced via brand-site.
banks/indo/uob-indonesia,UOB Indonesia,bank,Indonesia,,https://www.uob.co.id,https://is1-ssl.mzstatic.com/image/thumb/Purple211/v4/e1/bd/02/e1bd0225-46b8-a3a1-7c3b-2009769a4742/AppIcon-1x_U007emarketing-0-6-0-85-220-0.png/1024x1024bb.png,wordmark,Wordmark is the standard public mark,"1.00:1 (square, 1024x1024)",has own baked-in background,assets/banks/indo/uob-indonesia.png,Needs Review,Acquired Citi Indonesia consumer business (2023). Auto-sourced via app-store.
banks/indo/citibank-indonesia,Citibank Indonesia,bank,Indonesia,,https://www.citibank.co.id,https://www.citigroup.com/rcs/v1/media/citigpa/akpublic/storage/retrieveMediaFile/6359ebbc69e8b35a2eae8fa0.jpg,wordmark,Wordmark is the standard public mark,"3.15:1 (horizontal, 1400x445)",has own baked-in background,assets/banks/indo/citibank-indonesia.jpg,Needs Review,Consumer banking sold to UOB in 2023; institutional only. Confirm whether still in scope for a consumer payment UI before including. Auto-sourced via brand-site.
banks/indo/bank-raya,Bank Raya,bank,Indonesia,,https://www.bankraya.co.id,https://www.bankraya.co.id/img/logo.svg,app-icon,App icon is the most recognised mark,"1.83:1 (horizontal, 1485x812)",vector (verify no baked-in background),assets/banks/indo/bank-raya.svg,Needs Review,Digital bank; ex-BRI Agroniaga (rebranded 2021). BRI group. Auto-sourced via brand-site.
banks/indo/amar-bank,Amar Bank,bank,Indonesia,,https://www.amarbank.co.id,https://storage.googleapis.com/amarbank-new/prod/image/comp/favicon_io/apple-touch-icon.png,app-icon,App icon is the most recognised mark,"1.00:1 (square, 180x180)",transparent,assets/banks/indo/amar-bank.png,Needs Review,Digital bank (Senyumku / Tunaiku). Auto-sourced via brand-site.
banks/indo/krom-bank,Krom Bank Indonesia,bank,Indonesia,,https://www.krombank.com,https://i0.wp.com/krom.id/wp-content/uploads/2022/08/cropped-ic_krom_logo.png?fit=180%2C180&ssl=1,app-icon,App icon is the most recognised mark,"1.00:1 (square, 180x180)",transparent,assets/banks/indo/krom-bank.png,Needs Review,Digital bank; ex-Bank Bisnis Internasional. Kredivo group. Auto-sourced via brand-site.
banks/indo/bank-saqu,Bank Saqu,bank,Indonesia,,https://www.banksaqu.co.id,https://banksaqu.co.id/icons/apple-icon.png,app-icon,App icon is the most recognised mark,"1.00:1 (square, 192x192)",transparent,assets/banks/indo/bank-saqu.png,Needs Review,Digital bank; ex-Bank Jasa Jakarta. Astra + WeLab. Auto-sourced via brand-site.
banks/indo/hibank,hibank,bank,Indonesia,,https://www.hibank.co.id,https://is1-ssl.mzstatic.com/image/thumb/Purple211/v4/3e/bc/62/3ebc624a-929b-07f3-37db-d845752f4c84/AppIcon-0-0-1x_U007emarketing-0-11-0-85-220.png/1024x1024bb.png,app-icon,App icon is the most recognised mark,"1.00:1 (square, 1024x1024)",has own baked-in background,assets/banks/indo/hibank.png,Needs Review,Digital bank; ex-Bank Mayora. BNI subsidiary. Lowercase wordmark - preserve casing. Auto-sourced via app-store.
banks/indo/aladin-syariah,Bank Aladin Syariah,bank,Indonesia,,https://www.aladinbank.id,https://aladinbank.id/themes/aladin/assets/favicon/apple-icon-152x152.png,app-icon,App icon is the most recognised mark,"1.00:1 (square, 152x152)",has own baked-in background,assets/banks/indo/aladin-syariah.png,Needs Review,Digital sharia bank; ex-Bank Net Indonesia Syariah. Auto-sourced via brand-site.
banks/indo/nobu-bank,Bank Nationalnobu (Nobu Bank),bank,Indonesia,,https://www.nobubank.com,https://storage.googleapis.com/web-nobu-prod/images/Logo_color.height-60.png,wordmark,Wordmark is the standard public mark,"2.42:1 (horizontal, 145x60)",transparent,assets/banks/indo/nobu-bank.png,Needs Review,Lippo group. Auto-sourced via brand-site.
banks/indo/mayapada,Bank Mayapada,bank,Indonesia,,https://www.bankmayapada.com,https://www.bankmayapada.com/images/headers/logo Admin white.png,wordmark,Wordmark is the standard public mark,"4.09:1 (horizontal, 3428x838)",transparent,assets/banks/indo/mayapada.png,Needs Review,Candidate row; regulator check and asset sourcing outstanding. Auto-sourced via brand-press.
banks/indo/artha-graha,Bank Artha Graha Internasional,bank,Indonesia,,https://www.arthagraha.com,https://www.arthagraha.com/themes/arthagraha/assets/images/logo/Logo-BAG-samping-2-baris-hitam (1).png,wordmark,Wordmark is the standard public mark,"5.67:1 (horizontal, 3467x611)",transparent,assets/banks/indo/artha-graha.png,Needs Review,Candidate row; regulator check and asset sourcing outstanding. Auto-sourced via brand-site.
banks/indo/maspion,Bank Maspion,bank,Indonesia,,https://www.bankmaspion.co.id,https://www.bankmaspion.co.id/assets/img/logo-bank-maspion.png,wordmark,Wordmark is the standard public mark,"9.20:1 (horizontal, 368x40)",transparent,assets/banks/indo/maspion.png,Needs Review,Kasikornbank (TH) controlled. Auto-sourced via brand-site.
banks/indo/bumi-arta,Bank Bumi Arta,bank,Indonesia,,https://www.bankbba.co.id,https://www.bankbba.co.id/bumiarta/assets/image/logo-bba.png,wordmark,Wordmark is the standard public mark,"6.58:1 (horizontal, 711x108)",transparent,assets/banks/indo/bumi-arta.png,Needs Review,Candidate row; regulator check and asset sourcing outstanding. Auto-sourced via brand-site.
banks/indo/mestika,Bank Mestika Dharma,bank,Indonesia,,https://www.bankmestika.co.id,https://is1-ssl.mzstatic.com/image/thumb/Purple211/v4/4f/c3/b6/4fc3b6a6-8678-b612-a28f-34f6a78f9842/AppIcon-0-0-1x_U007emarketing-0-6-0-85-220.png/1024x1024bb.png,wordmark,Wordmark is the standard public mark,"1.00:1 (square, 1024x1024)",has own baked-in background,assets/banks/indo/mestika.png,Needs Review,Candidate row; regulator check and asset sourcing outstanding. Auto-sourced via app-store.
banks/indo/ganesha,Bank Ganesha,bank,Indonesia,,https://www.bankganesha.co.id,https://www.bankganesha.co.id/assets/images/logo-ayo-menabung-2024.png,wordmark,Wordmark is the standard public mark,"1.90:1 (horizontal, 1027x540)",transparent,assets/banks/indo/ganesha.png,Needs Review,Candidate row; regulator check and asset sourcing outstanding. Auto-sourced via brand-site.
banks/indo/ina-perdana,Bank Ina Perdana,bank,Indonesia,,https://www.bankina.co.id,https://www.bankina.co.id/favicon.svg,wordmark,Wordmark is the standard public mark,"1.00:1 (square, 24x24)",vector (verify no baked-in background),assets/banks/indo/ina-perdana.svg,Needs Review,Candidate row; regulator check and asset sourcing outstanding. Auto-sourced via brand-site.
banks/indo/victoria,Bank Victoria International,bank,Indonesia,,https://www.victoriabank.co.id,https://victoriabank.co.id/images/logo2.png,wordmark,Wordmark is the standard public mark,"5.71:1 (horizontal, 800x140)",transparent,assets/banks/indo/victoria.png,Needs Review,Candidate row; regulator check and asset sourcing outstanding. Auto-sourced via brand-site.
banks/indo/capital,Bank Capital Indonesia,bank,Indonesia,,https://www.bankcapital.co.id,https://www.bankcapital.co.id/files/logo-1737007262.png,wordmark,Wordmark is the standard public mark,"6.67:1 (horizontal, 1280x192)",has own baked-in background,assets/banks/indo/capital.png,Needs Review,Candidate row; regulator check and asset sourcing outstanding. Auto-sourced via brand-site.
banks/indo/oke-indonesia,Bank Oke Indonesia,bank,Indonesia,,https://www.okbank.co.id,,wordmark,Wordmark is the standard public mark,TBD (horizontal),TBD,,Needs Review,Candidate row; regulator check and asset sourcing outstanding.
banks/indo/index-selindo,Bank Index Selindo,bank,Indonesia,,https://www.bankindex.co.id,,wordmark,Wordmark is the standard public mark,TBD (horizontal),TBD,,Needs Review,Candidate row; regulator check and asset sourcing outstanding.
banks/indo/multiarta-sentosa,Bank Multiarta Sentosa (Bank MAS),bank,Indonesia,,https://www.bankmas.co.id,https://is1-ssl.mzstatic.com/image/thumb/Purple221/v4/e4/69/22/e46922e9-0aae-b94d-ca63-4c879a8fd67f/AppIcon-prod-0-0-1x_U007emarketing-0-11-0-85-220.png/1024x1024bb.png,wordmark,Wordmark is the standard public mark,"1.00:1 (square, 1024x1024)",has own baked-in background,assets/banks/indo/multiarta-sentosa.png,Needs Review,Candidate row; regulator check and asset sourcing outstanding. Auto-sourced via app-store.
banks/indo/sahabat-sampoerna,Bank Sahabat Sampoerna,bank,Indonesia,,https://www.banksampoerna.com,https://statics.banksampoerna.com/assets/images/logo.png,wordmark,Wordmark is the standard public mark,"2.95:1 (horizontal, 233x79)",transparent,assets/banks/indo/sahabat-sampoerna.png,Needs Review,Candidate row; regulator check and asset sourcing outstanding. Auto-sourced via brand-site.
banks/indo/kesejahteraan-ekonomi,Bank Kesejahteraan Ekonomi,bank,Indonesia,,https://www.bkebank.co.id,,wordmark,Wordmark is the standard public mark,TBD (horizontal),TBD,,Needs Review,Candidate row; regulator check and asset sourcing outstanding.
banks/indo/jtrust,Bank JTrust Indonesia,bank,Indonesia,,https://www.jtrustbank.co.id,https://www.jtrustbank.co.id/theme/Site/img/2024/logo-jtrust-call.png,wordmark,Wordmark is the standard public mark,"2.58:1 (horizontal, 1276x494)",transparent,assets/banks/indo/jtrust.png,Needs Review,J Trust Group (JP). Auto-sourced via brand-site.
banks/indo/mandiri-taspen,Bank Mandiri Taspen (Bank Mantap),bank,Indonesia,,https://www.bankmantap.co.id,https://is1-ssl.mzstatic.com/image/thumb/Purple221/v4/10/de/b1/10deb16e-983b-cc28-d587-aea017840775/AppIcon-0-0-1x_U007emarketing-0-7-0-85-220.png/1024x1024bb.png,wordmark,Wordmark is the standard public mark,"1.00:1 (square, 1024x1024)",has own baked-in background,assets/banks/indo/mandiri-taspen.png,Needs Review,Mandiri group. Auto-sourced via app-store.
banks/indo/bank-of-india-indonesia,Bank of India Indonesia,bank,Indonesia,,https://www.boiindonesia.co.id,,wordmark,Wordmark is the standard public mark,TBD (horizontal),TBD,,Needs Review,Candidate row; regulator check and asset sourcing outstanding.
banks/indo/sbi-indonesia,Bank SBI Indonesia,bank,Indonesia,,https://www.sbiindo.com,,wordmark,Wordmark is the standard public mark,TBD (horizontal),TBD,,Needs Review,Candidate row; regulator check and asset sourcing outstanding.
banks/indo/qnb-indonesia,Bank QNB Indonesia,bank,Indonesia,,https://www.qnb.co.id,https://www.qnb.co.id/site/default/master/_/asset/id.co.qnb:00000198819655d0/img/logo.png,wordmark,Wordmark is the standard public mark,"3.20:1 (horizontal, 307x96)",transparent,assets/banks/indo/qnb-indonesia.png,Needs Review,Candidate row; regulator check and asset sourcing outstanding. Auto-sourced via brand-press.
banks/indo/woori-saudara,Bank Woori Saudara,bank,Indonesia,,https://www.bankwoorisaudara.com,,wordmark,Wordmark is the standard public mark,TBD (horizontal),TBD,,Needs Review,Candidate row; regulator check and asset sourcing outstanding.
banks/indo/shinhan-indonesia,Bank Shinhan Indonesia,bank,Indonesia,,https://www.shinhan.co.id,https://is1-ssl.mzstatic.com/image/thumb/Purple221/v4/6b/fc/67/6bfc6783-da45-1370-fcdb-155c1a890557/AppIcon-0-0-1x_U007emarketing-0-2-85-220.png/1024x1024bb.png,wordmark,Wordmark is the standard public mark,"1.00:1 (square, 1024x1024)",has own baked-in background,assets/banks/indo/shinhan-indonesia.png,Needs Review,Candidate row; regulator check and asset sourcing outstanding. Auto-sourced via app-store.
banks/indo/keb-hana,Bank KEB Hana Indonesia,bank,Indonesia,,https://www.hanabank.co.id,https://is1-ssl.mzstatic.com/image/thumb/Purple211/v4/37/9b/a9/379ba998-ca47-5b3d-8239-a2c22fe368df/AppIcon-0-0-1x_U007emarketing-0-8-0-85-220.png/1024x1024bb.png,wordmark,Wordmark is the standard public mark,"1.00:1 (square, 1024x1024)",has own baked-in background,assets/banks/indo/keb-hana.png,Needs Review,Candidate row; regulator check and asset sourcing outstanding. Auto-sourced via app-store.
banks/indo/ibk-indonesia,Bank IBK Indonesia,bank,Indonesia,,https://www.ibk.co.id,https://is1-ssl.mzstatic.com/image/thumb/Purple221/v4/4c/51/55/4c51552b-8970-ed0e-58ec-1eda98a9ba6d/AppIconIndo-0-0-1x_U007emarketing-0-0-0-5-0-0-85-220.png/1024x1024bb.png,wordmark,Wordmark is the standard public mark,"1.00:1 (square, 1024x1024)",has own baked-in background,assets/banks/indo/ibk-indonesia.png,Needs Review,Candidate row; regulator check and asset sourcing outstanding. Auto-sourced via app-store.
banks/indo/ctbc-indonesia,Bank CTBC Indonesia,bank,Indonesia,,https://www.ctbcbank.co.id,https://is1-ssl.mzstatic.com/image/thumb/Purple211/v4/bb/45/46/bb4546cf-4831-a225-85c8-faa36eeaf456/AppIcon-0-0-1x_U007emarketing-0-7-85-220.jpeg/1024x1024bb.png,wordmark,Wordmark is the standard public mark,"1.00:1 (square, 1024x1024)",has own baked-in background,assets/banks/indo/ctbc-indonesia.png,Needs Review,Candidate row; regulator check and asset sourcing outstanding. Auto-sourced via app-store.
banks/indo/mizuho-indonesia,Bank Mizuho Indonesia,bank,Indonesia,,,,wordmark,Wordmark is the standard public mark,TBD (horizontal),TBD,,Needs Review,Wholesale/corporate only - confirm it belongs in a consumer payment UI.
banks/indo/mufg-indonesia,Bank MUFG Indonesia,bank,Indonesia,,,,wordmark,Wordmark is the standard public mark,TBD (horizontal),TBD,,Needs Review,Wholesale/corporate only - confirm it belongs in a consumer payment UI.
banks/indo/resona-perdania,Bank Resona Perdania,bank,Indonesia,,https://www.perdania.co.id,https://www.perdania.co.id/images/resona-logo-bg.svg,wordmark,Wordmark is the standard public mark,"1:1.27 (vertical, 760x966)",vector (verify no baked-in background),assets/banks/indo/resona-perdania.svg,Needs Review,Candidate row; regulator check and asset sourcing outstanding. Auto-sourced via brand-site.
banks/indo/icbc-indonesia,Bank ICBC Indonesia,bank,Indonesia,,https://www.icbc.co.id,,wordmark,Wordmark is the standard public mark,TBD (horizontal),TBD,,Needs Review,Candidate row; regulator check and asset sourcing outstanding.
banks/indo/bnp-paribas-indonesia,Bank BNP Paribas Indonesia,bank,Indonesia,,,https://is1-ssl.mzstatic.com/image/thumb/Purple221/v4/7b/44/8f/7b448fcc-a91a-ac74-0be8-4426f652d51a/AppIcon-0-0-1x_U007emarketing-0-6-0-85-220.png/1024x1024bb.png,wordmark,Wordmark is the standard public mark,"1.00:1 (square, 1024x1024)",has own baked-in background,assets/banks/indo/bnp-paribas-indonesia.png,Needs Review,Wholesale/corporate only - confirm it belongs in a consumer payment UI. Auto-sourced via app-store.
banks/indo/dbs-indonesia,Bank DBS Indonesia,bank,Indonesia,,https://www.dbs.id,https://is1-ssl.mzstatic.com/image/thumb/Purple221/v4/d1/4e/17/d14e179c-2251-4a9a-b83a-dd55bf08755f/AppIcon-0-0-1x_U007emarketing-0-8-0-85-220.png/1024x1024bb.png,wordmark,Wordmark is the standard public mark,"1.00:1 (square, 1024x1024)",has own baked-in background,assets/banks/indo/dbs-indonesia.png,Needs Review,Local arm of DBS - distinct row from banks/sea/sg/dbs. Auto-sourced via app-store.
banks/indo/anz-indonesia,Bank ANZ Indonesia,bank,Indonesia,,,,wordmark,Wordmark is the standard public mark,TBD (horizontal),TBD,,Needs Review,Consumer business exited years ago - confirm current scope.
banks/indo/standard-chartered-indonesia,Standard Chartered Indonesia,bank,Indonesia,,https://www.sc.com/id,https://av.sc.com/id/content/images/content/images/cropped-512x512-new-200x200.png,wordmark,Wordmark is the standard public mark,"1.00:1 (square, 200x200)",transparent,assets/banks/indo/standard-chartered-indonesia.png,Needs Review,Local arm - distinct row from banks/international/standard-chartered. Auto-sourced via brand-press.
banks/indo/bank-of-china-indonesia,Bank of China (Hong Kong) Jakarta,bank,Indonesia,,,,wordmark,Wordmark is the standard public mark,TBD (horizontal),TBD,,Needs Review,Candidate row; regulator check and asset sourcing outstanding.
banks/indo/commonwealth,Bank Commonwealth,bank,Indonesia,,,https://is1-ssl.mzstatic.com/image/thumb/Purple211/v4/ea/0d/8b/ea0d8bf5-1c1b-9518-b7dd-26ca2d06adab/AppIcon-1x_U007emarketing-0-11-0-85-220-0.png/1024x1024bb.png,wordmark,Wordmark is the standard public mark,"1.00:1 (square, 1024x1024)",has own baked-in background,assets/banks/indo/commonwealth.png,Needs Review,OCBC acquired and has been merging this entity into OCBC Indonesia - brand likely retired. Recommend moving to Flagged - Excluded once confirmed. Auto-sourced via app-store.
banks/indo/bca-syariah,BCA Syariah,bank,Indonesia,,https://www.bcasyariah.co.id,https://www.bcasyariah.co.id/cfind/source/images/logo-bcas-full-color.png,wordmark,Wordmark is the standard public mark,"5.86:1 (horizontal, 1941x331)",transparent,assets/banks/indo/bca-syariah.png,Needs Review,Candidate row; regulator check and asset sourcing outstanding. Auto-sourced via brand-press.
banks/indo/mega-syariah,Bank Mega Syariah,bank,Indonesia,,https://www.megasyariah.co.id,https://www.megasyariah.co.id/bms-new/asset/images/LogoColor.svg,wordmark,Wordmark is the standard public mark,"1.34:1 (horizontal, 94x70)",vector (verify no baked-in background),assets/banks/indo/mega-syariah.svg,Needs Review,CT Corp group. Auto-sourced via brand-site.
banks/indo/panin-dubai-syariah,Bank Panin Dubai Syariah,bank,Indonesia,,https://www.paninbanksyariah.co.id,,wordmark,Wordmark is the standard public mark,TBD (horizontal),TBD,,Needs Review,Candidate row; regulator check and asset sourcing outstanding.
banks/indo/bjb-syariah,Bank BJB Syariah,bank,Indonesia,,https://www.bjbsyariah.co.id,https://is1-ssl.mzstatic.com/image/thumb/Purple211/v4/05/f7/04/05f70408-4a27-1bc5-9224-d5c5ebbda2d5/AppIcon-0-0-1x_U007emarketing-0-7-0-85-220.png/1024x1024bb.png,wordmark,Wordmark is the standard public mark,"1.00:1 (square, 1024x1024)",has own baked-in background,assets/banks/indo/bjb-syariah.png,Needs Review,Candidate row; regulator check and asset sourcing outstanding. Auto-sourced via app-store.
banks/indo/kb-bank-syariah,KB Bank Syariah,bank,Indonesia,,,,wordmark,Wordmark is the standard public mark,TBD (horizontal),TBD,,Needs Review,Ex-Bank Syariah Bukopin; renamed alongside the KB Bank rebrand - confirm current name.
banks/indo/victoria-syariah,Bank Victoria Syariah,bank,Indonesia,,,,wordmark,Wordmark is the standard public mark,TBD (horizontal),TBD,,Needs Review,Candidate row; regulator check and asset sourcing outstanding.
banks/indo/bank-jateng,Bank Jateng,bank,Indonesia,,https://www.bankjateng.co.id,https://www.bankjateng.co.id/media/Logo_Bank_Jateng_Putih_Transparan.png,wordmark,Wordmark is the standard public mark,"1.98:1 (horizontal, 2143x1084)",transparent,assets/banks/indo/bank-jateng.png,Needs Review,Regional development bank (Central Java). Auto-sourced via brand-site.
banks/indo/bank-bpd-diy,Bank BPD DIY,bank,Indonesia,,https://www.bpddiy.co.id,https://is1-ssl.mzstatic.com/image/thumb/Purple211/v4/df/9c/4c/df9c4c4d-aff5-5fe0-e72c-aa99706717f9/AppIcon-0-0-1x_U007emarketing-0-11-0-0-85-220.png/1024x1024bb.png,wordmark,Wordmark is the standard public mark,"1.00:1 (square, 1024x1024)",has own baked-in background,assets/banks/indo/bank-bpd-diy.png,Needs Review,Regional development bank (Yogyakarta). Auto-sourced via app-store.
banks/indo/bank-banten,Bank Banten,bank,Indonesia,,https://www.bankbanten.co.id,https://www.bankbanten.co.id/assets/uploads/2026/08/1_LOGO-Baru-Bank-Banten_2026.png,wordmark,Wordmark is the standard public mark,"2.58:1 (horizontal, 1000x388)",transparent,assets/banks/indo/bank-banten.png,Needs Review,Regional development bank (Banten). Has had capital difficulties - confirm operating status. Auto-sourced via brand-site.
banks/indo/bank-sumut,Bank Sumut,bank,Indonesia,,https://www.banksumut.co.id,https://is1-ssl.mzstatic.com/image/thumb/Purple221/v4/ac/29/ba/ac29baf3-fb6c-98a8-fb11-6bb9e01824ac/AppIcon-0-0-1x_U007emarketing-0-11-0-85-220.png/1024x1024bb.png,wordmark,Wordmark is the standard public mark,"1.00:1 (square, 1024x1024)",has own baked-in background,assets/banks/indo/bank-sumut.png,Needs Review,Regional development bank (North Sumatra). Auto-sourced via app-store.
banks/indo/bank-nagari,Bank Nagari,bank,Indonesia,,https://www.banknagari.co.id,https://is1-ssl.mzstatic.com/image/thumb/Purple221/v4/6c/92/39/6c923967-5b8b-89ad-92c6-6b3e60dda57a/AppIcon-0-0-1x_U007emarketing-0-8-0-0-85-220.png/1024x1024bb.png,wordmark,Wordmark is the standard public mark,"1.00:1 (square, 1024x1024)",has own baked-in background,assets/banks/indo/bank-nagari.png,Needs Review,Regional development bank (West Sumatra). Auto-sourced via app-store.
banks/indo/bank-riau-kepri-syariah,Bank Riau Kepri Syariah,bank,Indonesia,,https://www.bankriaukepri.co.id,,wordmark,Wordmark is the standard public mark,TBD (horizontal),TBD,,Needs Review,Regional development bank (Riau / Riau Islands); converted to sharia in 2022 - do not use the pre-conversion asset.
banks/indo/bank-jambi,Bank Jambi,bank,Indonesia,,https://www.bankjambi.co.id,https://is1-ssl.mzstatic.com/image/thumb/Purple221/v4/32/35/ef/3235ef96-6161-3205-e436-74ada10681df/AppIcon-0-0-1x_U007emarketing-0-11-0-85-220.jpeg/1024x1024bb.png,wordmark,Wordmark is the standard public mark,"1.00:1 (square, 1024x1024)",has own baked-in background,assets/banks/indo/bank-jambi.png,Needs Review,Regional development bank (Jambi). Auto-sourced via app-store.
banks/indo/bank-sumsel-babel,Bank Sumsel Babel,bank,Indonesia,,https://www.banksumselbabel.com,https://www.banksumselbabel.com/img/logo.png,wordmark,Wordmark is the standard public mark,"3.80:1 (horizontal, 1141x300)",transparent,assets/banks/indo/bank-sumsel-babel.png,Needs Review,Regional development bank (South Sumatra / Bangka Belitung). Auto-sourced via brand-site.
banks/indo/bank-bengkulu,Bank Bengkulu,bank,Indonesia,,https://www.bankbengkulu.co.id,https://is1-ssl.mzstatic.com/image/thumb/Purple221/v4/15/46/ed/1546ede8-964c-6d16-968c-7cb6415b04f8/AppIcon-0-0-1x_U007emarketing-0-8-0-85-220.png/1024x1024bb.png,wordmark,Wordmark is the standard public mark,"1.00:1 (square, 1024x1024)",has own baked-in background,assets/banks/indo/bank-bengkulu.png,Needs Review,Regional development bank (Bengkulu). Auto-sourced via app-store.
banks/indo/bank-lampung,Bank Lampung,bank,Indonesia,,https://www.banklampung.co.id,https://www.banklampung.co.id/assets/images/banklampung/meta_default.png,wordmark,Wordmark is the standard public mark,"1.91:1 (horizontal, 1200x628)",has own baked-in background,assets/banks/indo/bank-lampung.png,Needs Review,Regional development bank (Lampung). Auto-sourced via brand-site.
banks/indo/bank-aceh-syariah,Bank Aceh Syariah,bank,Indonesia,,https://www.bankaceh.co.id,https://bankaceh.co.id/wp-content/uploads/2024/05/Logo-Bank-Aceh-Putih.png,wordmark,Wordmark is the standard public mark,"3.81:1 (horizontal, 2402x630)",transparent,assets/banks/indo/bank-aceh-syariah.png,Needs Review,Regional development bank (Aceh); converted to sharia in 2016 - do not use the pre-conversion asset. Auto-sourced via brand-site.
banks/indo/bank-kalbar,Bank Kalbar,bank,Indonesia,,https://www.bankkalbar.co.id,https://is1-ssl.mzstatic.com/image/thumb/Purple211/v4/5a/ed/c3/5aedc3fc-294a-a873-9e49-1bd5aa5986e0/AppIcon-BKalbar-0-0-1x_U007emarketing-0-11-0-85-220.png/1024x1024bb.png,wordmark,Wordmark is the standard public mark,"1.00:1 (square, 1024x1024)",has own baked-in background,assets/banks/indo/bank-kalbar.png,Needs Review,Regional development bank (West Kalimantan). Auto-sourced via app-store.
banks/indo/bank-kalsel,Bank Kalsel,bank,Indonesia,,https://www.bankkalsel.co.id,https://is1-ssl.mzstatic.com/image/thumb/Purple221/v4/89/53/b7/8953b785-9695-048e-5692-d2a92aef8f83/AppIcon-0-0-1x_U007emarketing-0-7-0-0-85-220.png/1024x1024bb.png,wordmark,Wordmark is the standard public mark,"1.00:1 (square, 1024x1024)",has own baked-in background,assets/banks/indo/bank-kalsel.png,Needs Review,Regional development bank (South Kalimantan). Auto-sourced via app-store.
banks/indo/bank-kalteng,Bank Kalteng,bank,Indonesia,,https://www.bankkalteng.co.id,https://is1-ssl.mzstatic.com/image/thumb/Purple211/v4/49/d1/42/49d1428d-68d0-c5eb-9e62-1fb8a69796a6/AppIcon-0-0-1x_U007emarketing-0-8-0-0-85-220.png/1024x1024bb.png,wordmark,Wordmark is the standard public mark,"1.00:1 (square, 1024x1024)",has own baked-in background,assets/banks/indo/bank-kalteng.png,Needs Review,Regional development bank (Central Kalimantan). Auto-sourced via app-store.
banks/indo/bank-kaltimtara,Bank Kaltimtara,bank,Indonesia,,https://www.bankaltimtara.co.id,,wordmark,Wordmark is the standard public mark,TBD (horizontal),TBD,,Needs Review,Regional development bank (East / North Kalimantan).
banks/indo/bank-sulselbar,Bank Sulselbar,bank,Indonesia,,https://www.banksulselbar.co.id,https://is1-ssl.mzstatic.com/image/thumb/Purple221/v4/41/aa/aa/41aaaad8-12f2-3b0f-7336-75fc3dedf3e6/AppIcon-0-0-1x_U007emarketing-0-7-0-0-85-220.png/1024x1024bb.png,wordmark,Wordmark is the standard public mark,"1.00:1 (square, 1024x1024)",has own baked-in background,assets/banks/indo/bank-sulselbar.png,Needs Review,Regional development bank (South / West Sulawesi). Auto-sourced via app-store.
banks/indo/bank-sulutgo,Bank SulutGo,bank,Indonesia,,https://www.banksulutgo.co.id,,wordmark,Wordmark is the standard public mark,TBD (horizontal),TBD,,Needs Review,Regional development bank (North Sulawesi / Gorontalo).
banks/indo/bank-sulteng,Bank Sulteng,bank,Indonesia,,https://www.banksulteng.co.id,https://is1-ssl.mzstatic.com/image/thumb/Purple221/v4/cf/df/68/cfdf6848-e3f7-6fd2-162c-104c9375c9a8/AppIcon-0-0-1x_U007emarketing-0-7-0-85-220.png/1024x1024bb.png,wordmark,Wordmark is the standard public mark,"1.00:1 (square, 1024x1024)",has own baked-in background,assets/banks/indo/bank-sulteng.png,Needs Review,Regional development bank (Central Sulawesi). Auto-sourced via app-store.
banks/indo/bank-sultra,Bank Sultra,bank,Indonesia,,https://www.banksultra.co.id,https://banksultra.co.id/logo_banksultra7.svg,wordmark,Wordmark is the standard public mark,"4.29:1 (horizontal, 9000x2100)",vector (verify no baked-in background),assets/banks/indo/bank-sultra.svg,Needs Review,Regional development bank (Southeast Sulawesi). Auto-sourced via brand-site.
banks/indo/bank-bpd-bali,Bank BPD Bali,bank,Indonesia,,https://www.bpdbali.co.id,,wordmark,Wordmark is the standard public mark,TBD (horizontal),TBD,,Needs Review,Regional development bank (Bali).
banks/indo/bank-ntb-syariah,Bank NTB Syariah,bank,Indonesia,,https://www.bankntbsyariah.co.id,https://is1-ssl.mzstatic.com/image/thumb/Purple221/v4/55/59/06/5559061d-85a6-551f-79ab-e791e6c345cd/AppIcon-0-0-1x_U007emarketing-0-8-0-85-220.png/1024x1024bb.png,wordmark,Wordmark is the standard public mark,"1.00:1 (square, 1024x1024)",has own baked-in background,assets/banks/indo/bank-ntb-syariah.png,Needs Review,Regional development bank (West Nusa Tenggara); converted to sharia in 2018. Auto-sourced via app-store.
banks/indo/bank-ntt,Bank NTT,bank,Indonesia,,https://www.bpdntt.co.id,https://www.bpdntt.co.id/images/logo_ntt.png,wordmark,Wordmark is the standard public mark,"1.38:1 (horizontal, 1486x1080)",transparent,assets/banks/indo/bank-ntt.png,Needs Review,Regional development bank (East Nusa Tenggara). Auto-sourced via brand-site.
banks/indo/bank-maluku-malut,Bank Maluku Malut,bank,Indonesia,,https://www.bankmalukumalut.co.id,https://is1-ssl.mzstatic.com/image/thumb/Purple211/v4/da/64/b1/da64b10e-abd8-f89c-8b1e-878bc9ebc6e8/AppIcon-0-0-1x_U007emarketing-0-8-0-85-220.png/1024x1024bb.png,wordmark,Wordmark is the standard public mark,"1.00:1 (square, 1024x1024)",has own baked-in background,assets/banks/indo/bank-maluku-malut.png,Needs Review,Regional development bank (Maluku / North Maluku). Auto-sourced via app-store.
banks/indo/bank-papua,Bank Papua,bank,Indonesia,,https://www.bankpapua.co.id,https://www.bankpapua.co.id/asset/images/6e4fe9e6704a107c8730e829aa5732d3.png,wordmark,Wordmark is the standard public mark,"5.54:1 (horizontal, 875x158)",transparent,assets/banks/indo/bank-papua.png,Needs Review,Regional development bank (Papua). Auto-sourced via brand-site.
ewallets/indo/gopay,GoPay,ewallet,Indonesia,,https://www.gopay.co.id,https://gopay-website.al-gp-id-p.cdn.gtflabs.io/assets/img/homepage/apple-touch-icon.png,app-icon,App icon is the most recognised mark,"1.00:1 (square, 180x180)",transparent,assets/ewallets/indo/gopay.png,Needs Review,Top-5 wallet (GoTo group). Verify: BI e-money licence list. Auto-sourced via brand-site.
ewallets/indo/ovo,OVO,ewallet,Indonesia,,https://www.ovo.id,https://is1-ssl.mzstatic.com/image/thumb/Purple221/v4/83/d6/2e/83d62e61-b4d9-e268-8648-5541e0f9c487/AppIcon-0-0-1x_U007emarketing-0-8-0-sRGB-85-220.png/1024x1024bb.png,app-icon,App icon is the most recognised mark,"1.00:1 (square, 1024x1024)",has own baked-in background,assets/ewallets/indo/ovo.png,Needs Review,Top-5 wallet (Grab-controlled). Auto-sourced via app-store.
ewallets/indo/dana,DANA,ewallet,Indonesia,,https://www.dana.id,https://is1-ssl.mzstatic.com/image/thumb/Purple211/v4/98/77/e5/9877e539-8667-f74e-794e-275559d6bb4c/AppIcon-0-0-1x_U007ephone-0-1-0-0-85-220.png/1024x1024bb.png,app-icon,App icon is the most recognised mark,"1.00:1 (square, 1024x1024)",has own baked-in background,assets/ewallets/indo/dana.png,Needs Review,Top-5 wallet (Ant Group backed). Auto-sourced via app-store.
ewallets/indo/shopeepay,ShopeePay,ewallet,Indonesia,,https://shopee.co.id,https://is1-ssl.mzstatic.com/image/thumb/Purple221/v4/0b/c4/2f/0bc42f58-a172-dc71-1133-50f43319be42/AppIcon-1x_U007ephone-0-1-0-0-85-220-0.png/1024x1024bb.png,app-icon,App icon is the most recognised mark,"1.00:1 (square, 1024x1024)",has own baked-in background,assets/ewallets/indo/shopeepay.png,Needs Review,Top-5 wallet. Distinguish from Shopee marketplace logo (separate ecommerce row). Auto-sourced via app-store.
ewallets/indo/linkaja,LinkAja,ewallet,Indonesia,,https://www.linkaja.id,https://is1-ssl.mzstatic.com/image/thumb/Purple221/v4/17/02/54/17025479-db8a-d0c8-b038-72b4906a8583/AppIconRamadhan-1x_U007emarketing-0-11-0-85-220-0.png/1024x1024bb.png,app-icon,App icon is the most recognised mark,"1.00:1 (square, 1024x1024)",has own baked-in background,assets/ewallets/indo/linkaja.png,Needs Review,Top-5 wallet (Telkomsel/state-linked). Auto-sourced via app-store.
ewallets/indo/astrapay,AstraPay,ewallet,Indonesia,,https://astrapay.com,https://astrapay.com/static-assets/images/navigation/astrapay-blue-right.svg,app-icon,App icon is the most recognised mark,"1:1.01 (square, 197x198)",vector (verify no baked-in background),assets/ewallets/indo/astrapay.svg,Needs Review,Astra group. Auto-sourced via brand-site.
ewallets/indo/i-saku,i.saku,ewallet,Indonesia,,https://www.isaku.id,https://is1-ssl.mzstatic.com/image/thumb/Purple221/v4/40/72/42/407242fe-1e3e-6678-fd80-abd00703ae30/AppIcon-0-0-1x_U007emarketing-0-6-0-85-220.png/1024x1024bb.png,app-icon,App icon is the most recognised mark,"1.00:1 (square, 1024x1024)",has own baked-in background,assets/ewallets/indo/i-saku.png,Needs Review,Indomaret-affiliated wallet. Confirm current operating status. Auto-sourced via app-store.
ewallets/indo/doku,DOKU,ewallet,Indonesia,,https://www.doku.com,https://cdn.prod.website-files.com/674ab654de930b217c6389c1/6756a9f7ba44cad5543f87e2_doku-logo-red.svg,wordmark,Wordmark is the standard public mark,"1.00:1 (square, 500x500)",vector (verify no baked-in background),assets/ewallets/indo/doku.svg,Needs Review,Payment gateway + wallet. Auto-sourced via brand-site.
ewallets/indo/flip,Flip,ewallet,Indonesia,,https://flip.id,https://is1-ssl.mzstatic.com/image/thumb/Purple211/v4/87/63/b5/8763b5c1-e0b1-0823-ddb0-ce8b5d214587/AppIconTemanHemat-0-0-1x_U007epad-0-1-85-220.png/1024x1024bb.png,app-icon,App icon is the most recognised mark,"1.00:1 (square, 1024x1024)",has own baked-in background,assets/ewallets/indo/flip.png,Needs Review,Transfer/remittance app. Auto-sourced via app-store.
ewallets/indo/jenius-pay,Jenius Pay,ewallet,Indonesia,,https://www.jenius.com,https://www.jenius.com/assets/img/brand/logo_jenius-blue.svg,app-icon,App icon is the most recognised mark,"3.88:1 (horizontal, 163x42)",vector (verify no baked-in background),assets/ewallets/indo/jenius-pay.svg,Needs Review,Digital brand of Bank SMBC Indonesia (ex-BTPN); refreshed alongside the Oct 2024 rebrand - use post-rebrand asset only. Auto-sourced via brand-site.
ewallets/indo/sakuku,Sakuku (BCA),ewallet,Indonesia,,https://www.bca.co.id,,,,,,,Flagged - Excluded,EXCLUDED: BCA discontinued Sakuku (service wound down; users migrated to myBCA). Do not source an asset. Confirm final closure date with a human before deleting the row.
minimarkets/indo/alfamart,Alfamart,minimarket,Indonesia,,https://alfamart.co.id,https://is1-ssl.mzstatic.com/image/thumb/Purple211/v4/92/da/4e/92da4e34-1e16-7573-8391-373b049442f8/AppIcon-0-0-1x_U007emarketing-0-8-0-85-220.png/1024x1024bb.png,wordmark,Wordmark is the standard public mark,"1.00:1 (square, 1024x1024)",has own baked-in background,assets/minimarkets/indo/alfamart.png,Needs Review,Market leader. Also now operates acquired Lawson Indonesia stores. Auto-sourced via app-store.
minimarkets/indo/indomaret,Indomaret,minimarket,Indonesia,,https://indomaret.co.id,https://is1-ssl.mzstatic.com/image/thumb/Purple221/v4/d6/35/f3/d635f35e-4eae-83b5-87bd-b00e231100a3/AppIcon-0-0-1x_U007ephone-0-11-0-85-220.png/1024x1024bb.png,wordmark,Wordmark is the standard public mark,"1.00:1 (square, 1024x1024)",has own baked-in background,assets/minimarkets/indo/indomaret.png,Needs Review,Market leader. Auto-sourced via app-store.
minimarkets/indo/alfamidi,Alfamidi,minimarket,Indonesia,,https://alfamidiku.com,,wordmark,Wordmark is the standard public mark,TBD (horizontal),TBD,,Needs Review,Confirm official domain.
minimarkets/indo/circle-k-indonesia,Circle K Indonesia,minimarket,Indonesia,,https://circlekindonesia.com,https://is1-ssl.mzstatic.com/image/thumb/Purple221/v4/2a/66/7e/2a667e57-f0bb-7c0e-f1ad-543431d9e0c0/AppIcon-0-0-1x_U007emarketing-0-8-0-85-220.png/1024x1024bb.png,icon,"Standalone symbol, reads well compact","1.00:1 (square, 1024x1024)",has own baked-in background,assets/minimarkets/indo/circle-k-indonesia.png,Needs Review,Confirm current franchise status in Indonesia. Auto-sourced via app-store.
minimarkets/indo/lawson-indonesia,Lawson Indonesia,minimarket,Indonesia,,https://www.lawsonindonesia.com,https://is1-ssl.mzstatic.com/image/thumb/Purple211/v4/a8/14/af/a814afa1-296c-8b0c-3ae5-0ffb5166f3f4/AppIcon-0-0-1x_U007emarketing-0-6-0-85-220.png/1024x1024bb.png,icon,"Standalone symbol, reads well compact","1.00:1 (square, 1024x1024)",has own baked-in background,assets/minimarkets/indo/lawson-indonesia.png,Needs Review,"Alfamart acquired Lawson Indonesia stores - brand may be retained, converted, or retired. Needs human decision before sourcing. Auto-sourced via app-store."
minimarkets/indo/familymart-indonesia,FamilyMart Indonesia,minimarket,Indonesia,,https://www.familymart.co.id,https://is1-ssl.mzstatic.com/image/thumb/Purple221/v4/37/5c/9d/375c9d31-bad5-d325-e7ef-c1989a348540/AppIcon-0-0-1x_U007emarketing-0-8-0-0-85-220.png/1024x1024bb.png,wordmark,Wordmark is the standard public mark,"1.00:1 (square, 1024x1024)",has own baked-in background,assets/minimarkets/indo/familymart-indonesia.png,Needs Review,Confirm current footprint in Indonesia. Auto-sourced via app-store.
minimarkets/indo/alfaexpress,Alfaexpress,minimarket,Indonesia,,,,,,,,,Needs Review,Named in the brief but believed largely wound down as a standalone format. Confirm operating status before sourcing - may belong in Flagged - Excluded.
minimarkets/indo/seven-eleven-indonesia,7-Eleven Indonesia,minimarket,Indonesia,,,,,,,,,Flagged - Excluded,EXCLUDED: operator PT Modern Internasional shut all remaining stores effective 30 June 2017. Not an active Indonesian payment/retail channel. No asset to source.
ecommerce/indo/shopee,Shopee,ecommerce,Indonesia,,https://shopee.co.id,https://is1-ssl.mzstatic.com/image/thumb/Purple211/v4/e4/c5/18/e4c518a8-dfb7-0e15-a36d-89f00cb1b06f/AppIcon-0-1x_U007emarketing-0-6-0-0-85-220-0.png/1024x1024bb.png,app-icon,App icon is the most recognised mark,"1.00:1 (square, 1024x1024)",has own baked-in background,assets/ecommerce/indo/shopee.png,Needs Review,Market leader. Auto-sourced via app-store.
ecommerce/indo/tokopedia,Tokopedia,ecommerce,Indonesia,,https://www.tokopedia.com,https://is1-ssl.mzstatic.com/image/thumb/Purple211/v4/34/5f/93/345f9387-54f3-bd59-2f88-23ddcb804f33/AppIcon-0-0-1x_U007epad-0-1-0-85-220.png/1024x1024bb.png,app-icon,App icon is the most recognised mark,"1.00:1 (square, 1024x1024)",has own baked-in background,assets/ecommerce/indo/tokopedia.png,Needs Review,TikTok acquired majority stake (2024); brand still operates. Auto-sourced via app-store.
ecommerce/indo/lazada-indonesia,Lazada Indonesia,ecommerce,Indonesia,,https://www.lazada.co.id,https://img.lazcdn.com/g/tps/images/ims-web/TB1Hs8GaMFY.1VjSZFnXXcFHXXa.png,app-icon,App icon is the most recognised mark,"3.19:1 (horizontal, 344x108)",transparent,assets/ecommerce/indo/lazada-indonesia.png,Needs Review,Alibaba group. Auto-sourced via brand-press.
ecommerce/indo/bukalapak,Bukalapak,ecommerce,Indonesia,,https://www.bukalapak.com,https://is1-ssl.mzstatic.com/image/thumb/Purple221/v4/fa/28/8a/fa288a52-e5a6-06a7-c5d6-41852d2f2b07/AppIcon-0-0-1x_U007emarketing-0-7-0-0-85-220.png/1024x1024bb.png,app-icon,App icon is the most recognised mark,"1.00:1 (square, 1024x1024)",has own baked-in background,assets/ecommerce/indo/bukalapak.png,Needs Review,Ceased physical-goods marketplace Feb 2025; now virtual products/digital services only. Still operating - confirm it belongs in an e-commerce grouping. Auto-sourced via app-store.
ecommerce/indo/blibli,Blibli,ecommerce,Indonesia,,https://www.blibli.com,https://is1-ssl.mzstatic.com/image/thumb/Purple221/v4/7a/61/73/7a61735b-fa6a-dca1-915b-f5f8fc95a1fb/AppIcon-0-0-1x_U007epad-0-1-0-sRGB-85-220.png/1024x1024bb.png,app-icon,App icon is the most recognised mark,"1.00:1 (square, 1024x1024)",has own baked-in background,assets/ecommerce/indo/blibli.png,Needs Review,Djarum/GDP Venture group. Auto-sourced via app-store.
ecommerce/indo/zalora-indonesia,Zalora Indonesia,ecommerce,Indonesia,,https://www.zalora.co.id,https://static-id.zacdn.com/next-assets/static-assets/images/fav/favicon.svg,wordmark,Wordmark is the standard public mark,"1.00:1 (square, 40x40)",vector (verify no baked-in background),assets/ecommerce/indo/zalora-indonesia.svg,Needs Review,Candidate row; regulator check and asset sourcing outstanding. Auto-sourced via brand-press.
ecommerce/indo/tiktok-shop-indonesia,TikTok Shop Indonesia,ecommerce,Indonesia,,https://www.tiktok.com,https://www.tiktok.com/favicon.svg,app-icon,App icon is the most recognised mark,"1.00:1 (square, 200x200)",vector (verify no baked-in background),assets/ecommerce/indo/tiktok-shop-indonesia.svg,Needs Review,Operates via Tokopedia entity post-2024 merger; confirm whether a distinct TikTok Shop mark or the Tokopedia mark is correct for checkout UI. Auto-sourced via brand-site.
ecommerce/indo/akulaku,Akulaku,ecommerce,Indonesia,,https://www.akulaku.com,https://is1-ssl.mzstatic.com/image/thumb/Purple211/v4/1b/3a/49/1b3a4901-19f6-de1a-e8da-b399521cc315/AppIcon-1x_U007epad-0-1-0-sRGB-85-220-0.png/1024x1024bb.png,app-icon,App icon is the most recognised mark,"1.00:1 (square, 1024x1024)",has own baked-in background,assets/ecommerce/indo/akulaku.png,Needs Review,Primarily BNPL/paylater rather than pure marketplace - confirm category fit. Auto-sourced via app-store.
ecommerce/indo/orami,Orami,ecommerce,Indonesia,,https://www.orami.co.id,https://www.orami.co.id/static/images/orami-parenting-meta-image.png,wordmark,Wordmark is the standard public mark,"1.90:1 (horizontal, 1200x630)",has own baked-in background,assets/ecommerce/indo/orami.png,Needs Review,Mother/baby vertical (Sirclo group). Confirm current status. Auto-sourced via brand-site.
ecommerce/indo/sociolla,Sociolla,ecommerce,Indonesia,,https://www.sociolla.com,https://is1-ssl.mzstatic.com/image/thumb/Purple221/v4/2f/cd/e0/2fcde042-8eef-3a8e-92fb-91f1716ddc82/AppIcon-0-0-1x_U007emarketing-0-6-0-85-220.png/1024x1024bb.png,wordmark,Wordmark is the standard public mark,"1.00:1 (square, 1024x1024)",has own baked-in background,assets/ecommerce/indo/sociolla.png,Needs Review,Beauty vertical. Auto-sourced via app-store.
ecommerce/indo/ralali,Ralali,ecommerce,Indonesia,,,,,,,,,Needs Review,B2B marketplace named in the brief; operating status uncertain in recent years. Confirm the company is still trading before sourcing an asset.
ecommerce/indo/jd-id,JD.ID,ecommerce,Indonesia,,,,,,,,,Flagged - Excluded,EXCLUDED: JD.ID ceased Indonesian operations on 31 March 2023 as the brief anticipated. No asset to source.
banks/sea/sg/dbs,DBS Bank,bank,SEA,sg,https://www.dbs.com.sg,https://is1-ssl.mzstatic.com/image/thumb/Purple221/v4/08/72/3a/08723a08-47c6-8514-a6fe-70d4916f0637/AppIcon-0-0-1x_U007emarketing-0-11-0-sRGB-85-220.png/1024x1024bb.png,wordmark,Wordmark is the standard public mark,"1.00:1 (square, 1024x1024)",has own baked-in background,assets/banks/sea/sg/dbs.png,Needs Review,Verify: MAS register. Auto-sourced via app-store.
banks/sea/sg/ocbc,OCBC Bank,bank,SEA,sg,https://www.ocbc.com,https://www.ocbc.com/iwov-resources/sg/ocbc/gbc/img/logo_ocbc.png,wordmark,Wordmark is the standard public mark,"3.72:1 (horizontal, 1160x312)",transparent,assets/banks/sea/sg/ocbc.png,Needs Review,Verify: MAS register. Auto-sourced via brand-press.
banks/sea/sg/uob,UOB,bank,SEA,sg,https://www.uob.com.sg,https://is1-ssl.mzstatic.com/image/thumb/Purple221/v4/c9/03/b3/c903b35f-2ee9-9282-87fc-3d4941ae5475/AppIcon-0-0-1x_U007emarketing-0-7-0-85-220.png/1024x1024bb.png,wordmark,Wordmark is the standard public mark,"1.00:1 (square, 1024x1024)",has own baked-in background,assets/banks/sea/sg/uob.png,Needs Review,Verify: MAS register. Auto-sourced via app-store.
banks/sea/sg/standard-chartered,Standard Chartered Singapore,bank,SEA,sg,https://www.sc.com/sg,https://av.sc.com/sg/content/images/content/images/cropped-cropped-favicon-cropped-512x512-1-200x200.png,wordmark,Wordmark is the standard public mark,"1.00:1 (square, 200x200)",transparent,assets/banks/sea/sg/standard-chartered.png,Needs Review,Verify: MAS register. Consider whether local variants duplicate the international row. Auto-sourced via brand-press.
banks/sea/sg/citibank,Citibank Singapore,bank,SEA,sg,https://www.citibank.com.sg,https://www.citibank.com.sg/content/experience-fragments/cgcpc/sg/prelogin/www-citibank-com-sg/footer/master/_jcr_content/root/container/container_1938911663/container_780719881/image.coreimg.svg/1756189707913/citi-logo.svg,wordmark,Wordmark is the standard public mark,"1.94:1 (horizontal, 66x34)",vector (verify no baked-in background),assets/banks/sea/sg/citibank.svg,Needs Review,Verify: MAS register. Consider whether local variants duplicate the international row. Auto-sourced via brand-press.
banks/sea/sg/maybank,Maybank Singapore,bank,SEA,sg,https://www.maybank2u.com.sg,https://is1-ssl.mzstatic.com/image/thumb/Purple221/v4/db/ae/17/dbae176c-f96f-7499-0174-ce2ca116c103/AppIcon-0-0-1x_U007emarketing-0-6-0-85-220.png/1024x1024bb.png,wordmark,Wordmark is the standard public mark,"1.00:1 (square, 1024x1024)",has own baked-in background,assets/banks/sea/sg/maybank.png,Needs Review,Verify: MAS register. Same group mark as Maybank MY - confirm whether a distinct SG asset is needed. Auto-sourced via app-store.
banks/sea/my/maybank,Maybank,bank,SEA,my,https://www.maybank2u.com.my,https://is1-ssl.mzstatic.com/image/thumb/Purple211/v4/c2/19/4f/c2194f6a-05b6-858c-b1a3-c04d65782467/AppIcon-0-0-1x_U007emarketing-0-8-0-0-85-220.png/1024x1024bb.png,wordmark,Wordmark is the standard public mark,"1.00:1 (square, 1024x1024)",has own baked-in background,assets/banks/sea/my/maybank.png,Needs Review,Verify: BNM list. Auto-sourced via app-store.
banks/sea/my/cimb,CIMB Bank,bank,SEA,my,https://www.cimb.com.my,https://www.cimb.com.my/content/dam/cimb/favicon/apple-touch-icon-152x152.png,wordmark,Wordmark is the standard public mark,"1.00:1 (square, 152x152)",transparent,assets/banks/sea/my/cimb.png,Needs Review,Verify: BNM list. Auto-sourced via brand-site.
banks/sea/my/public-bank,Public Bank,bank,SEA,my,https://www.pbebank.com,https://www.pbebank.com/media/vxfbkfv0/pbb-60th-anniversary.svg,wordmark,Wordmark is the standard public mark,"4.00:1 (horizontal, 2000x500)",vector (verify no baked-in background),assets/banks/sea/my/public-bank.svg,Needs Review,Verify: BNM list. Auto-sourced via brand-site.
banks/sea/my/rhb,RHB Bank,bank,SEA,my,https://www.rhbgroup.com,https://www.rhbgroup.com/-/media/Project/RHB/Logo/logo.png,wordmark,Wordmark is the standard public mark,"3.10:1 (horizontal, 248x80)",transparent,assets/banks/sea/my/rhb.webp,Needs Review,Verify: BNM list. Auto-sourced via brand-site.
banks/sea/my/hong-leong-bank,Hong Leong Bank,bank,SEA,my,https://www.hlb.com.my,https://www.hlb.com.my/content/dam/global/icons/logo-hong-leong-desktop.png,wordmark,Wordmark is the standard public mark,"5.50:1 (horizontal, 220x40)",transparent,assets/banks/sea/my/hong-leong-bank.png,Needs Review,Verify: BNM list. Auto-sourced via brand-press.
banks/sea/my/ambank,AmBank,bank,SEA,my,https://www.ambank.com.my,https://www.ambank.com.my/assets/images/logo/main.svg,wordmark,Wordmark is the standard public mark,"1.72:1 (horizontal, 105x61)",vector (verify no baked-in background),assets/banks/sea/my/ambank.svg,Needs Review,Verify: BNM list. Auto-sourced via brand-site.
banks/sea/my/bank-islam,Bank Islam,bank,SEA,my,https://www.bankislam.com,https://is1-ssl.mzstatic.com/image/thumb/Purple221/v4/9d/66/a9/9d66a9c1-716a-304a-e370-56d4252c0a3e/AppIcon-0-0-1x_U007emarketing-0-8-0-0-85-220.png/1024x1024bb.png,wordmark,Wordmark is the standard public mark,"1.00:1 (square, 1024x1024)",has own baked-in background,assets/banks/sea/my/bank-islam.png,Needs Review,Verify: BNM list. Auto-sourced via app-store.
banks/sea/th/bangkok-bank,Bangkok Bank,bank,SEA,th,https://www.bangkokbank.com,https://is1-ssl.mzstatic.com/image/thumb/Purple221/v4/3c/5a/6d/3c5a6d5c-dafe-9e51-4b85-99234f990e8b/AppIcon_Rel28-0-0-1x_U007ephone-0-1-0-85-220.png/1024x1024bb.png,icon,"Standalone symbol, reads well compact","1.00:1 (square, 1024x1024)",has own baked-in background,assets/banks/sea/th/bangkok-bank.png,Needs Review,Verify: BOT register. Owns PermataBank Indonesia. Auto-sourced via app-store.
banks/sea/th/kasikornbank,Kasikornbank (KBank),bank,SEA,th,https://www.kasikornbank.com,https://is1-ssl.mzstatic.com/image/thumb/Purple221/v4/65/5f/40/655f401a-8db0-8e29-cb11-0701f411906f/AppIcon-0-0-1x_U007emarketing-0-7-0-P3-85-220.png/1024x1024bb.png,icon,"Standalone symbol, reads well compact","1.00:1 (square, 1024x1024)",has own baked-in background,assets/banks/sea/th/kasikornbank.png,Needs Review,Verify: BOT register. Auto-sourced via app-store.
banks/sea/th/scb,Siam Commercial Bank (SCB),bank,SEA,th,https://www.scb.co.th,https://www.scb.co.th/etc.clientlibs/settings/wcm/designs/scb/scb-design/resources/safari-pinned-tab.svg,icon,"Standalone symbol, reads well compact","1.00:1 (square, 700x700)",vector (verify no baked-in background),assets/banks/sea/th/scb.svg,Needs Review,Verify: BOT register. Auto-sourced via brand-site.
banks/sea/th/krungthai,Krungthai Bank,bank,SEA,th,https://krungthai.com,https://is1-ssl.mzstatic.com/image/thumb/Purple211/v4/bb/ae/be/bbaebea1-2451-9918-8ed8-7a7f37a95ba8/AppIcon-0-0-1x_U007emarketing-0-8-0-sRGB-85-220.png/1024x1024bb.png,icon,"Standalone symbol, reads well compact","1.00:1 (square, 1024x1024)",has own baked-in background,assets/banks/sea/th/krungthai.png,Needs Review,Verify: BOT register. State-owned. Auto-sourced via app-store.
banks/sea/th/krungsri,Krungsri (Bank of Ayudhya),bank,SEA,th,https://www.krungsri.com,https://is1-ssl.mzstatic.com/image/thumb/Purple211/v4/4f/8e/65/4f8e6504-5e5e-5e47-c876-fe60321af107/AppIcons-0-0-1x_U007emarketing-0-4-0-85-220.png/1024x1024bb.png,icon,"Standalone symbol, reads well compact","1.00:1 (square, 1024x1024)",has own baked-in background,assets/banks/sea/th/krungsri.png,Needs Review,Verify: BOT register. MUFG-controlled. Auto-sourced via app-store.
banks/sea/th/ttb,ttb (TMBThanachart Bank),bank,SEA,th,https://www.ttbbank.com,https://www.ttbbank.com/favicon.svg,wordmark,Wordmark is the standard public mark,"1.00:1 (square, 512x512)",vector (verify no baked-in background),assets/banks/sea/th/ttb.svg,Needs Review,Formed from TMB + Thanachart merger - do NOT use legacy TMB or Thanachart assets. Verify: BOT register. Auto-sourced via brand-site.
banks/sea/ph/bdo,BDO Unibank,bank,SEA,ph,https://www.bdo.com.ph,https://is1-ssl.mzstatic.com/image/thumb/Purple211/v4/c0/c8/86/c0c88687-a8e7-e09a-796e-b2bbbdf6ffb6/AppIcon-0-0-1x_U007emarketing-0-8-0-85-220.png/1024x1024bb.png,wordmark,Wordmark is the standard public mark,"1.00:1 (square, 1024x1024)",has own baked-in background,assets/banks/sea/ph/bdo.png,Needs Review,Verify: BSP directory. Auto-sourced via app-store.
banks/sea/ph/bpi,Bank of the Philippine Islands (BPI),bank,SEA,ph,https://www.bpi.com.ph,https://www.bpi.com.ph/content/dam/bpi/main-navigation/BPI_RT__96x42_header_rev.svg,wordmark,Wordmark is the standard public mark,"2.38:1 (horizontal, 100x42)",vector (verify no baked-in background),assets/banks/sea/ph/bpi.svg,Needs Review,Verify: BSP directory. Rebranded identity in recent years - use current asset only. Auto-sourced via brand-site.
banks/sea/ph/metrobank,Metrobank,bank,SEA,ph,https://www.metrobank.com.ph,https://web-assets.metrobank.com.ph/1724928977-mb-yigh-logo-2019-electric-blue.png,wordmark,Wordmark is the standard public mark,"4.16:1 (horizontal, 233x56)",transparent,assets/banks/sea/ph/metrobank.png,Needs Review,Verify: BSP directory. Auto-sourced via brand-press.
banks/sea/ph/landbank,Landbank,bank,SEA,ph,https://www.landbank.com,https://www.landbank.com/favicon.ico,wordmark,Wordmark is the standard public mark,"1.00:1 (square, 128x128)",transparent,assets/banks/sea/ph/landbank.png,Needs Review,State-owned. Verify: BSP directory. Auto-sourced via brand-site.
banks/sea/ph/security-bank,Security Bank,bank,SEA,ph,https://www.securitybank.com,https://www.securitybank.com/favicon/apple-touch-icon-152x152.png,wordmark,Wordmark is the standard public mark,"1.00:1 (square, 152x152)",transparent,assets/banks/sea/ph/security-bank.png,Needs Review,Verify: BSP directory. Auto-sourced via brand-site.
banks/sea/ph/unionbank,UnionBank of the Philippines,bank,SEA,ph,https://www.unionbankph.com,https://is1-ssl.mzstatic.com/image/thumb/Purple211/v4/cf/fc/1c/cffc1cad-ec2f-9b7b-1b2a-106b3ccdccbb/AppIcon-0-0-1x_U007emarketing-0-8-0-85-220.png/1024x1024bb.png,wordmark,Wordmark is the standard public mark,"1.00:1 (square, 1024x1024)",has own baked-in background,assets/banks/sea/ph/unionbank.png,Needs Review,Verify: BSP directory. Auto-sourced via app-store.
banks/sea/vn/vietcombank,Vietcombank,bank,SEA,vn,https://www.vietcombank.com.vn,https://www.vietcombank.com.vn/-/media/Project/VCB-Sites/VCB/Home-page/VCB-Logo/Logo-VCB-no-60.png?ts=20240605031450,wordmark,Wordmark is the standard public mark,"2.94:1 (horizontal, 365x124)",transparent,assets/banks/sea/vn/vietcombank.webp,Needs Review,Verify: SBV list. Auto-sourced via brand-site.
banks/sea/vn/vietinbank,VietinBank,bank,SEA,vn,https://www.vietinbank.vn,https://is1-ssl.mzstatic.com/image/thumb/Purple211/v4/25/2b/cd/252bcdeb-b634-a7f9-00b8-ea704e528f51/AppIcon-0-0-1x_U007emarketing-0-8-0-85-220.png/1024x1024bb.png,wordmark,Wordmark is the standard public mark,"1.00:1 (square, 1024x1024)",has own baked-in background,assets/banks/sea/vn/vietinbank.png,Needs Review,Verify: SBV list. Auto-sourced via app-store.
banks/sea/vn/bidv,BIDV,bank,SEA,vn,https://www.bidv.com.vn,https://bidv.com.vn/wps/wcm/connect/7d6f3c42-23d4-4868-8340-20114a00d51a/logo+bhtg.jpg?MOD=AJPERES,wordmark,Wordmark is the standard public mark,"1.45:1 (horizontal, 1905x1312)",has own baked-in background,assets/banks/sea/vn/bidv.jpg,Needs Review,Verify: SBV list. Auto-sourced via brand-site.
banks/sea/vn/techcombank,Techcombank,bank,SEA,vn,https://www.techcombank.com,https://techcombank.com/content/dam/techcombank/public-site/seo/techcombank_logo_svg_86201e50d1.svg,wordmark,Wordmark is the standard public mark,"7.38:1 (horizontal, 406x55)",vector (verify no baked-in background),assets/banks/sea/vn/techcombank.svg,Needs Review,Verify: SBV list. Auto-sourced via brand-site.
banks/sea/vn/vpbank,VPBank,bank,SEA,vn,https://www.vpbank.com.vn,https://is1-ssl.mzstatic.com/image/thumb/Purple221/v4/23/35/72/23357258-570b-9294-08f3-f29093ad87de/AppIcon-0-0-1x_U007ephone-0-11-0-sRGB-85-220.jpeg/1024x1024bb.png,wordmark,Wordmark is the standard public mark,"1.00:1 (square, 1024x1024)",has own baked-in background,assets/banks/sea/vn/vpbank.png,Needs Review,Verify: SBV list. Auto-sourced via app-store.
banks/sea/vn/acb,ACB (Asia Commercial Bank),bank,SEA,vn,https://www.acb.com.vn,https://acb.com.vn/_next/image?url=%2Fimages%2Flogo.svg&w=384&q=70,wordmark,Wordmark is the standard public mark,"2.41:1 (horizontal, 135x56)",vector (verify no baked-in background),assets/banks/sea/vn/acb.svg,Needs Review,Verify: SBV list. Auto-sourced via brand-site.
banks/sea/vn/sacombank,Sacombank,bank,SEA,vn,https://www.sacombank.com.vn,https://www.sacombank.com.vn/android-chrome-512x512.png,wordmark,Wordmark is the standard public mark,"1.00:1 (square, 512x512)",transparent,assets/banks/sea/vn/sacombank.png,Needs Review,Verify: SBV list. Auto-sourced via brand-site.
banks/sea/kh/aba-bank,ABA Bank,bank,SEA,kh,https://www.ababank.com,https://is1-ssl.mzstatic.com/image/thumb/Purple211/v4/e8/7a/6d/e87a6d83-f52e-7157-75cd-217b7b51d264/AppIcon-0-0-1x_U007ephone-0-1-0-P3-85-220.png/1024x1024bb.png,wordmark,Wordmark is the standard public mark,"1.00:1 (square, 1024x1024)",has own baked-in background,assets/banks/sea/kh/aba-bank.png,Needs Review,Verify: NBC list. Lower-priority market per brief. Auto-sourced via app-store.
banks/sea/la/bcel,BCEL (Banque pour le Commerce Exterieur Lao),bank,SEA,la,https://www.bcel.com.la,https://www.bcel.com.la/bcel/resources/imgs/ibank1_1.png,wordmark,Wordmark is the standard public mark,"1.03:1 (square, 130x126)",transparent,assets/banks/sea/la/bcel.png,Needs Review,Verify: BOL list. Lower-priority market; limited asset availability expected. Auto-sourced via brand-site.
banks/sea/bn/bibd,Bank Islam Brunei Darussalam (BIBD),bank,SEA,bn,https://www.bibd.com.bn,https://bibd.com.bn/wp-content/uploads/2021/10/BIBD-logo.png,wordmark,Wordmark is the standard public mark,"2.67:1 (horizontal, 155x58)",transparent,assets/banks/sea/bn/bibd.png,Needs Review,Verify: BDCB list. Lower-priority market per brief. Auto-sourced via brand-site.
banks/sea/mm/kbz-bank,KBZ Bank,bank,SEA,mm,,,,,,,,Needs Review,"SANCTIONS/SENSITIVE JURISDICTION - per brief, do NOT source or download an asset without human sign-off. Screen against current OFAC/EU/UK designations for the bank and its owners before any use."
ewallets/sea/sg/grabpay,GrabPay,ewallet,SEA,sg,https://www.grab.com/sg/pay,https://assets.grab.com/wp-content/uploads/sites/4/2021/04/15151634/Grab_Logo_2021.jpg,app-icon,App icon is the most recognised mark,"1.90:1 (horizontal, 1200x630)",has own baked-in background,assets/ewallets/sea/sg/grabpay.jpg,Needs Review,Regional wallet - confirm whether one shared Grab asset or per-country rows are wanted (see duplicate-risk note in README). Auto-sourced via brand-press.
ewallets/sea/sg/paylah,DBS PayLah!,ewallet,SEA,sg,https://www.dbs.com.sg/personal/deposits/pay-with-ease/dbs-paylah,,app-icon,App icon is the most recognised mark,TBD (square),TBD,,Needs Review,Verify: MAS register.
ewallets/sea/sg/dash,Dash,ewallet,SEA,sg,https://dash.com.sg,https://dash.com.sg/assets/images/general/site-thumbnail.png,app-icon,App icon is the most recognised mark,"1.90:1 (horizontal, 1200x630)",has own baked-in background,assets/ewallets/sea/sg/dash.png,Needs Review,"Brief lists this as ""Singtel Dash"" - Singtel agreed to sell Dash to Western Union (announced Oct 2024). Use current post-transition branding, not the Singtel-badged asset. Auto-sourced via brand-press."
ewallets/sea/sg/favepay,FavePay,ewallet,SEA,sg,https://myfave.com,https://myfave.com/favicons/safari-pinned-tab.svg,app-icon,App icon is the most recognised mark,"1.00:1 (square, 700x700)",vector (verify no baked-in background),assets/ewallets/sea/sg/favepay.svg,Needs Review,Confirm current operating status and ownership (Pine Labs group) before sourcing. Auto-sourced via brand-site.
ewallets/sea/sg/youtrip,YouTrip,ewallet,SEA,sg,https://www.you.co,https://www.you.co/sg/wp-content/uploads/sites/2/2025/11/icon-512x512-1-300x300.png,app-icon,App icon is the most recognised mark,"1.00:1 (square, 300x300)",has own baked-in background,assets/ewallets/sea/sg/youtrip.png,Needs Review,Multi-currency card/wallet. Verify: MAS register. Auto-sourced via brand-site.
ewallets/sea/my/touch-n-go,Touch 'n Go eWallet,ewallet,SEA,my,https://www.touchngo.com.my,https://www.touchngo.com.my/assets/press-release/putrabrandaward/TNGD_Putra-Brand-of-the-Year-Award.jpg,app-icon,App icon is the most recognised mark,"1.50:1 (horizontal, 2231x1487)",has own baked-in background,assets/ewallets/sea/my/touch-n-go.jpg,Needs Review,Market leader MY. Verify: BNM list. Auto-sourced via brand-press.
ewallets/sea/my/grabpay,GrabPay Malaysia,ewallet,SEA,my,https://www.grab.com/my/pay,https://assets.grab.com/wp-content/uploads/sites/8/2021/04/15153013/Grab_Logo_2021.jpg,app-icon,App icon is the most recognised mark,"1.90:1 (horizontal, 1200x630)",has own baked-in background,assets/ewallets/sea/my/grabpay.jpg,Needs Review,Same regional brand as sg/grabpay - confirm whether per-country duplication is intended. Auto-sourced via brand-press.
ewallets/sea/my/boost,Boost,ewallet,SEA,my,https://myboost.com.my,https://myboost.co/themes/custom/boost_web/assets/img/logo.svg,app-icon,App icon is the most recognised mark,"3.13:1 (horizontal, 2033x649)",vector (verify no baked-in background),assets/ewallets/sea/my/boost.svg,Needs Review,Axiata group. Verify: BNM list. Auto-sourced via brand-site.
ewallets/sea/my/shopeepay,ShopeePay Malaysia,ewallet,SEA,my,https://shopee.com.my,https://is1-ssl.mzstatic.com/image/thumb/Purple211/v4/c9/4d/36/c94d36f7-8a91-d36c-8bed-2c331fe238bb/AppIcon-1x_U007ephone-0-1-0-0-85-220-0.png/1024x1024bb.png,app-icon,App icon is the most recognised mark,"1.00:1 (square, 1024x1024)",has own baked-in background,assets/ewallets/sea/my/shopeepay.png,Needs Review,Same regional brand as indo/shopeepay - confirm whether per-country duplication is intended. Auto-sourced via app-store.
ewallets/sea/my/bigpay,BigPay,ewallet,SEA,my,https://www.bigpayme.com,https://bigpayme.com/assets/bigpay-logo-512.png,app-icon,App icon is the most recognised mark,"1.00:1 (square, 512x512)",transparent,assets/ewallets/sea/my/bigpay.png,Needs Review,Capital A/AirAsia group. Verify: BNM list. Auto-sourced via brand-press.
ewallets/sea/th/truemoney,TrueMoney,ewallet,SEA,th,https://www.truemoney.com,https://www.truemoney.com/wp-content/uploads/2026/08/truemoney-icon-180.png,app-icon,App icon is the most recognised mark,"1.00:1 (square, 180x180)",transparent,assets/ewallets/sea/th/truemoney.png,Needs Review,Ascend Money group; operates across SEA incl. Indonesia. Verify: BOT register. Auto-sourced via brand-site.
ewallets/sea/th/rabbit-line-pay,Rabbit LINE Pay,ewallet,SEA,th,https://www.rabbitlinepay.com,https://is1-ssl.mzstatic.com/image/thumb/Purple211/v4/3b/8b/f4/3b8bf408-788e-5059-05ab-e4857b3dd559/AppIcon-0-0-1x_U007emarketing-0-8-0-85-220.png/1024x1024bb.png,app-icon,App icon is the most recognised mark,"1.00:1 (square, 1024x1024)",has own baked-in background,assets/ewallets/sea/th/rabbit-line-pay.png,Needs Review,Confirm current branding/ownership arrangement. Verify: BOT register. Auto-sourced via app-store.
ewallets/sea/th/shopeepay,ShopeePay Thailand,ewallet,SEA,th,https://shopee.co.th,,app-icon,App icon is the most recognised mark,TBD (square),TBD,,Needs Review,Regional brand duplication - see README note.
ewallets/sea/th/grabpay,GrabPay Thailand,ewallet,SEA,th,https://www.grab.com/th/pay,https://assets.grab.com/wp-content/uploads/sites/10/2021/04/15154415/Grab_Logo_2021.jpg,app-icon,App icon is the most recognised mark,"1.90:1 (horizontal, 1200x630)",has own baked-in background,assets/ewallets/sea/th/grabpay.jpg,Needs Review,Regional brand duplication - see README note. Auto-sourced via brand-press.
ewallets/sea/ph/gcash,GCash,ewallet,SEA,ph,https://www.gcash.com,https://cdn.prod.website-files.com/6385b55675a0bd614777a5c1/6474928322d48888f6c8cfe5_biz-gcash-logo.svg,app-icon,App icon is the most recognised mark,"1.18:1 (horizontal, 72x61)",vector (verify no baked-in background),assets/ewallets/sea/ph/gcash.svg,Needs Review,Market leader PH. Verify: BSP directory. Auto-sourced via brand-site.
ewallets/sea/ph/maya,Maya,ewallet,SEA,ph,https://www.maya.ph,https://www.maya.ph/hubfs/Maya/money-green.svg,app-icon,App icon is the most recognised mark,"3.50:1 (horizontal, 147x42)",vector (verify no baked-in background),assets/ewallets/sea/ph/maya.svg,Needs Review,Rebranded from PayMaya - do NOT use legacy PayMaya asset. Verify: BSP directory. Auto-sourced via brand-site.
ewallets/sea/ph/grabpay,GrabPay Philippines,ewallet,SEA,ph,https://www.grab.com/ph/pay,https://assets.grab.com/wp-content/uploads/sites/12/2021/04/15154552/Grab_Logo_2021.jpg,app-icon,App icon is the most recognised mark,"1.90:1 (horizontal, 1200x630)",has own baked-in background,assets/ewallets/sea/ph/grabpay.jpg,Needs Review,Regional brand duplication - see README note. Auto-sourced via brand-press.
ewallets/sea/ph/coins-ph,Coins.ph,ewallet,SEA,ph,https://coins.ph,https://exchange-prod-coins-landing.s3.ap-northeast-1.amazonaws.com/coins-landing/favicon_42b1136f5c.png,app-icon,App icon is the most recognised mark,"1.00:1 (square, 512x512)",transparent,assets/ewallets/sea/ph/coins-ph.png,Needs Review,Crypto-adjacent wallet - confirm it fits the intended payment-method grouping. Verify: BSP directory. Auto-sourced via brand-press.
ewallets/sea/vn/momo,MoMo,ewallet,SEA,vn,https://momo.vn,https://homepage.momocdn.net/img/momo-amazone-s3-api-241023152559-638652939595693626.png,app-icon,App icon is the most recognised mark,"1.00:1 (square, 180x180)",transparent,assets/ewallets/sea/vn/momo.png,Needs Review,Market leader VN. Verify: SBV list. Auto-sourced via brand-site.
ewallets/sea/vn/zalopay,ZaloPay,ewallet,SEA,vn,https://zalopay.vn,https://is1-ssl.mzstatic.com/image/thumb/Purple211/v4/8b/26/d5/8b26d5b4-c2ad-9324-0130-4c281ea02676/AppIcon-0-0-1x_U007emarketing-0-6-0-85-220.png/1024x1024bb.png,app-icon,App icon is the most recognised mark,"1.00:1 (square, 1024x1024)",has own baked-in background,assets/ewallets/sea/vn/zalopay.png,Needs Review,Rebranded in recent years - use current asset. Verify: SBV list. Auto-sourced via app-store.
ewallets/sea/vn/vnpay,VNPAY,ewallet,SEA,vn,https://vnpay.vn,https://1889324617.cloud.edgevnpay.vn/assets/images/logo-icon/logo-primary.svg,app-icon,App icon is the most recognised mark,"3.29:1 (horizontal, 138x42)",vector (verify no baked-in background),assets/ewallets/sea/vn/vnpay.svg,Needs Review,Primarily a payment gateway/QR scheme - confirm category fit. Verify: SBV list. Auto-sourced via brand-site.
ewallets/sea/vn/shopeepay,ShopeePay Vietnam,ewallet,SEA,vn,https://shopee.vn,,app-icon,App icon is the most recognised mark,TBD (square),TBD,,Needs Review,Regional brand duplication - see README note.
ewallets/sea/vn/moca,Moca,ewallet,SEA,vn,,,,,,,,Flagged - Excluded,EXCLUDED: Grab terminated Moca e-wallet services in Vietnam effective 1 July 2024. Named in the brief but no longer an active payment method. No asset to source.
ewallets/sea/kh/wing,Wing,ewallet,SEA,kh,https://www.wingmoney.com,https://is1-ssl.mzstatic.com/image/thumb/Purple221/v4/95/cd/f4/95cdf484-1e7a-b024-87aa-9edc35d3482c/AppIcon-0-0-1x_U007ephone-0-1-0-sRGB-85-220.png/1024x1024bb.png,app-icon,App icon is the most recognised mark,"1.00:1 (square, 1024x1024)",has own baked-in background,assets/ewallets/sea/kh/wing.png,Needs Review,Verify: NBC list. Lower-priority market per brief. Auto-sourced via app-store.
ewallets/sea/mm/kbzpay,KBZPay,ewallet,SEA,mm,,,,,,,,Needs Review,"SANCTIONS/SENSITIVE JURISDICTION - per brief, do NOT source or download an asset without human sign-off. Tied to KBZ Bank; screen against current designations first."
ewallets/sea/la/bcel-one,BCEL One,ewallet,SEA,la,https://www.bcel.com.la,https://www.bcel.com.la/bcel/resources/imgs/ibank1_1.png,app-icon,App icon is the most recognised mark,"1.03:1 (square, 130x126)",transparent,assets/ewallets/sea/la/bcel-one.png,Needs Review,Mobile app of BCEL. Lower-priority market; limited asset availability expected. Auto-sourced via brand-site.
banks/international/gb/hsbc,HSBC,bank,International,gb,https://www.hsbc.com,https://www.hsbc.com/-/files/hsbc/header/hsbc-logo-200x25.svg?la=en-GB&h=25&hash=FCDFB4DC1991B6B5EE0AB98E7208CB82,icon,"Standalone symbol, reads well compact","3.71:1 (horizontal, 315x85)",vector (verify no baked-in background),assets/banks/international/gb/hsbc.svg,Needs Review,Globally recognised; relevant to Indonesian cross-border transfers. Path renamed from a flat banks/international/{name} to the country-scoped convention when the international list expanded to cover Wise/PandaRemit corridors. Auto-sourced via brand-site.
banks/international/us/citibank,Citibank,bank,International,us,https://www.citi.com,https://www.citi.com/cbol-hp-static-assets/assets/favicon.ico,wordmark,Wordmark is the standard public mark,"1.00:1 (square, 367x367)",transparent,assets/banks/international/us/citibank.png,Needs Review,Globally recognised. Path renamed from a flat banks/international/{name} to the country-scoped convention when the international list expanded to cover Wise/PandaRemit corridors. Auto-sourced via brand-site.
banks/international/gb/standard-chartered,Standard Chartered,bank,International,gb,https://www.sc.com,,wordmark,Wordmark is the standard public mark,TBD (horizontal),TBD,,Needs Review,Globally recognised. Path renamed from a flat banks/international/{name} to the country-scoped convention when the international list expanded to cover Wise/PandaRemit corridors.
banks/international/us/jpmorgan-chase,JPMorgan Chase,bank,International,us,https://www.chase.com,https://www.chase.com/content/dam/unified-assets/logo/chase/chase-logo/additional-file-formats/logo_chase_headerfooter.svg,wordmark,Wordmark is the standard public mark,"5.25:1 (horizontal, 126x24)",vector (verify no baked-in background),assets/banks/international/us/jpmorgan-chase.svg,Needs Review,Largest US bank by assets. Reachable via Wise and/or PandaRemit corridors from Indonesia. Auto-sourced via brand-site.
banks/international/us/bank-of-america,Bank of America,bank,International,us,https://www.bankofamerica.com,https://www.bankofamerica.com/homepage/spa-assets/images/assets-images-global-favicon-safari-pinned-tab-CSX1aebeef6.svg,wordmark,Wordmark is the standard public mark,"1.00:1 (square, 152x152)",vector (verify no baked-in background),assets/banks/international/us/bank-of-america.svg,Needs Review,Reachable via Wise and/or PandaRemit corridors from Indonesia. Auto-sourced via brand-site.
banks/international/us/wells-fargo,Wells Fargo,bank,International,us,https://www.wellsfargo.com,https://www17.wellsfargomedia.com/assets/images/rwd/wf_logo_220x23.png,wordmark,Wordmark is the standard public mark,"9.57:1 (horizontal, 220x23)",transparent,assets/banks/international/us/wells-fargo.png,Needs Review,Reachable via Wise and/or PandaRemit corridors from Indonesia. Auto-sourced via brand-site.
banks/international/us/capital-one,Capital One,bank,International,us,https://www.capitalone.com,https://ecm.capitalone.com/WCM/homepage/photos/more-than-a-bank/paze_logo.svg,wordmark,Wordmark is the standard public mark,"3.12:1 (horizontal, 100x32)",vector (verify no baked-in background),assets/banks/international/us/capital-one.svg,Needs Review,Reachable via Wise and/or PandaRemit corridors from Indonesia. Auto-sourced via brand-site.
banks/international/us/us-bank,U.S. Bank,bank,International,us,https://www.usbank.com,https://www.usbank.com/etc.clientlibs/ecm-global/clientlibs/clientlib-resources/resources/images/svg/logo-personal.svg,wordmark,Wordmark is the standard public mark,"3.58:1 (horizontal, 258x72)",vector (verify no baked-in background),assets/banks/international/us/us-bank.svg,Needs Review,Reachable via Wise and/or PandaRemit corridors from Indonesia. Auto-sourced via brand-site.
banks/international/us/pnc-bank,PNC Bank,bank,International,us,https://www.pnc.com,https://is1-ssl.mzstatic.com/image/thumb/Purple211/v4/25/26/e7/2526e7be-dd92-52b9-e618-606dcac1e3ea/AppIcon_Glass-0-0-1x_U007epad-0-1-0-sRGB-85-220.png/1024x1024bb.png,wordmark,Wordmark is the standard public mark,"1.00:1 (square, 1024x1024)",has own baked-in background,assets/banks/international/us/pnc-bank.png,Needs Review,Reachable via Wise and/or PandaRemit corridors from Indonesia. Auto-sourced via app-store.
banks/international/us/chime,Chime,bank,International,us,https://www.chime.com,https://is1-ssl.mzstatic.com/image/thumb/Purple211/v4/99/f0/08/99f008b7-df22-1dde-beaa-a1cab754f107/AppIcon-0-0-1x_U007emarketing-0-6-0-85-220.png/1024x1024bb.png,app-icon,App icon is the most recognised mark,"1.00:1 (square, 1024x1024)",has own baked-in background,assets/banks/international/us/chime.png,Needs Review,Digital-only neobank; app icon is the recognised mark. Popular receiving account for remittances to US-based students/workers. Reachable via Wise and/or PandaRemit corridors from Indonesia. Auto-sourced via app-store.
banks/international/gb/barclays,Barclays,bank,International,gb,https://www.barclays.co.uk,https://www.barclays.co.uk/content/dam/icons/favicons/barclays/Wordmark_RGB_Cyan_Large.svg,icon,"Standalone symbol, reads well compact","6.03:1 (horizontal, 1410x234)",vector (verify no baked-in background),assets/banks/international/gb/barclays.svg,Needs Review,Eagle symbol used standalone in UK banking UI. Reachable via Wise and/or PandaRemit corridors from Indonesia. Auto-sourced via brand-site.
banks/international/gb/lloyds-bank,Lloyds Bank,bank,International,gb,https://www.lloydsbank.com,https://www.lloydsbank.com/apple-touch-icon.png,icon,"Standalone symbol, reads well compact","1.00:1 (square, 460x460)",has own baked-in background,assets/banks/international/gb/lloyds-bank.png,Needs Review,Black horse symbol used standalone. Reachable via Wise and/or PandaRemit corridors from Indonesia. Auto-sourced via brand-site.
banks/international/gb/natwest,NatWest,bank,International,gb,https://www.natwest.com,https://www.natwest.com/content/dam/championlogos/Natwest_Secondary_Horizontal_RGB_NEG.svg,wordmark,Wordmark is the standard public mark,"2.88:1 (horizontal, 288x100)",vector (verify no baked-in background),assets/banks/international/gb/natwest.svg,Needs Review,Reachable via Wise and/or PandaRemit corridors from Indonesia. Auto-sourced via brand-site.
banks/international/gb/santander-uk,Santander UK,bank,International,gb,https://www.santander.co.uk,https://www.santander.co.uk/themes/custom/santander_web18_2_0/logo.svg,wordmark,Wordmark is the standard public mark,"5.67:1 (horizontal, 816x144)",vector (verify no baked-in background),assets/banks/international/gb/santander-uk.svg,Needs Review,Local arm of the Spanish group; distinct brand identity from Santander in other markets. Reachable via Wise and/or PandaRemit corridors from Indonesia. Auto-sourced via brand-site.
banks/international/gb/monzo,Monzo,bank,International,gb,https://monzo.com,https://static-assets.monzo.com/monzo-com/039b8b32b7ae63535e8bdcbc5f1b220079e3a214/_next/static/media/favicon.4c6ebc6f.svg,app-icon,App icon is the most recognised mark,"1.11:1 (horizontal, 1024x926)",vector (verify no baked-in background),assets/banks/international/gb/monzo.svg,Needs Review,Digital-only neobank; coral-colored app icon is the recognised mark. Reachable via Wise and/or PandaRemit corridors from Indonesia. Auto-sourced via brand-press.
banks/international/de/deutsche-bank,Deutsche Bank,bank,International,de,https://www.deutsche-bank.de,https://www.deutsche-bank.de/etc/designs/db-eccs-pws-pwcc/assets/favicon.svg?v=1756713258208,icon,"Standalone symbol, reads well compact","1.00:1 (square, 32x32)",vector (verify no baked-in background),assets/banks/international/de/deutsche-bank.svg,Needs Review,Slash-in-square symbol used standalone. Reachable via Wise and/or PandaRemit corridors from Indonesia. Auto-sourced via brand-site.
banks/international/de/commerzbank,Commerzbank,bank,International,de,https://www.commerzbank.de,https://www.commerzbank.de/ms/media/favicons/apple-touch-icon-144x144_A.png,wordmark,Wordmark is the standard public mark,"1.00:1 (square, 144x144)",has own baked-in background,assets/banks/international/de/commerzbank.png,Needs Review,Reachable via Wise and/or PandaRemit corridors from Indonesia. Auto-sourced via brand-site.
banks/international/de/n26,N26,bank,International,de,https://n26.com,https://n26.com/_build/logo-256x256.png,app-icon,App icon is the most recognised mark,"1.00:1 (square, 256x256)",transparent,assets/banks/international/de/n26.png,Needs Review,Digital-only neobank; app icon is the recognised mark. Common receiving account for Indonesian students in Germany. Reachable via Wise and/or PandaRemit corridors from Indonesia. Auto-sourced via brand-press.
banks/international/fr/bnp-paribas,BNP Paribas,bank,International,fr,https://www.bnpparibas.com,https://is1-ssl.mzstatic.com/image/thumb/Purple211/v4/4c/55/b6/4c55b610-8308-25c0-1671-a3a3c961928b/AppIcon-0-0-1x_U007epad-0-1-0-0-0-85-220.png/1024x1024bb.png,wordmark,Wordmark is the standard public mark,"1.00:1 (square, 1024x1024)",has own baked-in background,assets/banks/international/fr/bnp-paribas.png,Needs Review,Reachable via Wise and/or PandaRemit corridors from Indonesia. Auto-sourced via app-store.
banks/international/fr/societe-generale,Société Générale,bank,International,fr,https://www.societegenerale.com,https://www.societegenerale.com/sites/default/files/image/logo/soc103c-1-0.svg,icon,"Standalone symbol, reads well compact","5.00:1 (horizontal, 145x29)",vector (verify no baked-in background),assets/banks/international/fr/societe-generale.svg,Needs Review,Red/black square symbol used standalone. Reachable via Wise and/or PandaRemit corridors from Indonesia. Auto-sourced via brand-press.
banks/international/fr/credit-agricole,Crédit Agricole,bank,International,fr,https://www.credit-agricole.com,https://www.credit-agricole.com/assets/build/images/logos/youtube-logo.svg,wordmark,Wordmark is the standard public mark,"1.00:1 (square, 512x512)",vector (verify no baked-in background),assets/banks/international/fr/credit-agricole.svg,Needs Review,Reachable via Wise and/or PandaRemit corridors from Indonesia. Auto-sourced via brand-site.
banks/international/nl/ing,ING,bank,International,nl,https://www.ing.nl,https://is1-ssl.mzstatic.com/image/thumb/Purple221/v4/4e/22/1c/4e221cfa-d19b-971d-1e67-1b41205678e5/AppIcon-0-0-1x_U007emarketing-0-11-0-sRGB-85-220.png/1024x1024bb.png,icon,"Standalone symbol, reads well compact","1.00:1 (square, 1024x1024)",has own baked-in background,assets/banks/international/nl/ing.png,Needs Review,Orange lion symbol used standalone. Reachable via Wise and/or PandaRemit corridors from Indonesia. Auto-sourced via app-store.
banks/international/nl/abn-amro,ABN AMRO,bank,International,nl,https://www.abnamro.nl,https://www.abnamro.nl/favicon.svg,wordmark,Wordmark is the standard public mark,"1.00:1 (square, 24x24)",vector (verify no baked-in background),assets/banks/international/nl/abn-amro.svg,Needs Review,Reachable via Wise and/or PandaRemit corridors from Indonesia. Auto-sourced via brand-site.
banks/international/nl/rabobank,Rabobank,bank,International,nl,https://www.rabobank.nl,https://is1-ssl.mzstatic.com/image/thumb/Purple221/v4/f5/d8/21/f5d82166-92b0-f57e-06cc-28fae7d4c60d/AppIconGlass-0-0-1x_U007epad-0-1-0-sRGB-85-220.png/1024x1024bb.png,wordmark,Wordmark is the standard public mark,"1.00:1 (square, 1024x1024)",has own baked-in background,assets/banks/international/nl/rabobank.png,Needs Review,Reachable via Wise and/or PandaRemit corridors from Indonesia. Auto-sourced via app-store.
banks/international/cn/bank-of-china,Bank of China,bank,International,cn,https://www.boc.cn,https://www.boc.cn/images/LOGO-AGACCS.gif,wordmark,Wordmark is the standard public mark,"2.20:1 (horizontal, 132x60)",has own baked-in background,assets/banks/international/cn/bank-of-china.png,Needs Review,Reachable via Wise and/or PandaRemit corridors from Indonesia. Auto-sourced via brand-site.
banks/international/cn/icbc,Industrial and Commercial Bank of China (ICBC),bank,International,cn,https://www.icbc.com.cn,https://is1-ssl.mzstatic.com/image/thumb/Purple221/v4/4a/66/33/4a6633a2-8ad8-0a7a-c145-e87992c20816/AppIcon-0-0-1x_U007emarketing-0-7-0-sRGB-85-220.png/1024x1024bb.png,wordmark,Wordmark is the standard public mark,"1.00:1 (square, 1024x1024)",has own baked-in background,assets/banks/international/cn/icbc.png,Needs Review,Reachable via Wise and/or PandaRemit corridors from Indonesia. Auto-sourced via app-store.
banks/international/cn/china-construction-bank,China Construction Bank,bank,International,cn,https://www.ccb.com,,wordmark,Wordmark is the standard public mark,TBD (horizontal),TBD,,Needs Review,Reachable via Wise and/or PandaRemit corridors from Indonesia.
banks/international/cn/agricultural-bank-of-china,Agricultural Bank of China,bank,International,cn,https://www.abchina.com,http://www.abchina.com/cn/images/logo_ue2.png,wordmark,Wordmark is the standard public mark,"4.58:1 (horizontal, 220x48)",transparent,assets/banks/international/cn/agricultural-bank-of-china.png,Needs Review,Reachable via Wise and/or PandaRemit corridors from Indonesia. Auto-sourced via brand-site.
banks/international/cn/china-merchants-bank,China Merchants Bank,bank,International,cn,https://www.cmbchina.com,https://wwwcdn.cmbimg.com/Images/logo.png,wordmark,Wordmark is the standard public mark,"1:1.11 (vertical, 132x146)",transparent,assets/banks/international/cn/china-merchants-bank.png,Needs Review,Reachable via Wise and/or PandaRemit corridors from Indonesia. Auto-sourced via brand-site.
banks/international/au/commonwealth-bank,Commonwealth Bank of Australia,bank,International,au,https://www.commbank.com.au,https://www.commbank.com.au/content/dam/commbank/commBank-logo.svg,wordmark,Wordmark is the standard public mark,"1.00:1 (square, 64x64)",vector (verify no baked-in background),assets/banks/international/au/commonwealth-bank.svg,Needs Review,Reachable via Wise and/or PandaRemit corridors from Indonesia. Auto-sourced via brand-press.
banks/international/au/westpac,Westpac,bank,International,au,https://www.westpac.com.au,https://www.westpac.com.au/content/dam/public/wbc/images/home/westpac-logo-social.jpg,wordmark,Wordmark is the standard public mark,"1.90:1 (horizontal, 1200x630)",has own baked-in background,assets/banks/international/au/westpac.jpg,Needs Review,Reachable via Wise and/or PandaRemit corridors from Indonesia. Auto-sourced via brand-site.
banks/international/au/anz-australia,ANZ,bank,International,au,https://www.anz.com.au,https://www.anz.com.au/apps/settings/wcm/designs/commons/images/appicons/apple-touch-icon-152x152.png,wordmark,Wordmark is the standard public mark,"1.00:1 (square, 152x152)",has own baked-in background,assets/banks/international/au/anz-australia.png,Needs Review,AU/NZ parent group - distinct row from banks/indo/anz-indonesia (consumer business there has since exited; confirm current scope). Reachable via Wise and/or PandaRemit corridors from Indonesia. Auto-sourced via brand-site.
banks/international/au/nab,National Australia Bank (NAB),bank,International,au,https://www.nab.com.au,https://www.nab.com.au/content/dam/nab/images/types/banners/banker-with-customers-smiling-3000x1000.JPG,wordmark,Wordmark is the standard public mark,"3.00:1 (horizontal, 3000x1000)",has own baked-in background,assets/banks/international/au/nab.jpg,Needs Review,Reachable via Wise and/or PandaRemit corridors from Indonesia. Auto-sourced via brand-site.
banks/international/ca/rbc,Royal Bank of Canada (RBC),bank,International,ca,https://www.rbc.com,https://is1-ssl.mzstatic.com/image/thumb/Purple211/v4/0b/dd/cd/0bddcd59-76bc-29ec-61c8-0adb3a5f0b79/RBCMobile-0-0-1x_U007epad-0-1-0-sRGB-85-220.png/1024x1024bb.png,wordmark,Wordmark is the standard public mark,"1.00:1 (square, 1024x1024)",has own baked-in background,assets/banks/international/ca/rbc.png,Needs Review,Reachable via Wise and/or PandaRemit corridors from Indonesia. Auto-sourced via app-store.
banks/international/ca/td-bank,TD Bank,bank,International,ca,https://www.td.com,https://www.td.com/content/dam/tdcom/shared/social-media-thumbnail.png,icon,"Standalone symbol, reads well compact","1.90:1 (horizontal, 1200x630)",has own baked-in background,assets/banks/international/ca/td-bank.png,Needs Review,Green shield symbol used standalone. Reachable via Wise and/or PandaRemit corridors from Indonesia. Auto-sourced via brand-site.
banks/international/ca/scotiabank,Scotiabank,bank,International,ca,https://www.scotiabank.com,https://www.scotiabank.com/content/dam/scotiabank/images/logos/2019/scotiabank-logo-red-desktop-200px.svg,wordmark,Wordmark is the standard public mark,"7.14:1 (horizontal, 207x29)",vector (verify no baked-in background),assets/banks/international/ca/scotiabank.svg,Needs Review,Reachable via Wise and/or PandaRemit corridors from Indonesia. Auto-sourced via brand-site.
banks/international/jp/mufg-bank,MUFG Bank,bank,International,jp,https://www.bk.mufg.jp,https://www.bk.mufg.jp/shared2019/imgs/logo-20th.svg,wordmark,Wordmark is the standard public mark,"1.41:1 (horizontal, 41x29)",vector (verify no baked-in background),assets/banks/international/jp/mufg-bank.svg,Needs Review,JP parent - distinct row from banks/indo/mufg-indonesia. Reachable via Wise and/or PandaRemit corridors from Indonesia. Auto-sourced via brand-site.
banks/international/jp/smbc,Sumitomo Mitsui Banking Corporation (SMBC),bank,International,jp,https://www.smbc.co.jp,https://www.smbc.co.jp/apple-touch-icon.png,wordmark,Wordmark is the standard public mark,"1.00:1 (square, 192x192)",transparent,assets/banks/international/jp/smbc.png,Needs Review,"JP parent - distinct from Bank SMBC Indonesia (the renamed ex-BTPN), which has its own local identity. Reachable via Wise and/or PandaRemit corridors from Indonesia. Auto-sourced via brand-site."
banks/international/jp/japan-post-bank,Japan Post Bank,bank,International,jp,https://www.jp-bank.japanpost.jp,https://www.jp-bank.japanpost.jp/brand/ambassador/dreams/images/dreams/ogp.jpg,wordmark,Wordmark is the standard public mark,"1.90:1 (horizontal, 1200x630)",has own baked-in background,assets/banks/international/jp/japan-post-bank.jpg,Needs Review,Reachable via Wise and/or PandaRemit corridors from Indonesia. Auto-sourced via brand-press.
banks/international/kr/kb-kookmin-bank,KB Kookmin Bank,bank,International,kr,https://www.kbstar.com,https://www.kbstar.com/openimg/favi_ipad_n201512.png,wordmark,Wordmark is the standard public mark,"1.00:1 (square, 144x144)",transparent,assets/banks/international/kr/kb-kookmin-bank.png,Needs Review,Reachable via Wise and/or PandaRemit corridors from Indonesia. Auto-sourced via brand-site.
banks/international/kr/shinhan-bank,Shinhan Bank,bank,International,kr,https://www.shinhan.com,,wordmark,Wordmark is the standard public mark,TBD (horizontal),TBD,,Needs Review,KR parent - distinct row from banks/indo/shinhan-indonesia. Reachable via Wise and/or PandaRemit corridors from Indonesia.
banks/international/kr/woori-bank,Woori Bank,bank,International,kr,https://www.wooribank.com,https://is1-ssl.mzstatic.com/image/thumb/Purple221/v4/79/7f/ea/797fea22-686a-4db9-cbbd-f8ef3b813725/AppIcon-0-0-1x_U007emarketing-0-11-0-0-sRGB-85-220.png/1024x1024bb.png,wordmark,Wordmark is the standard public mark,"1.00:1 (square, 1024x1024)",has own baked-in background,assets/banks/international/kr/woori-bank.png,Needs Review,KR parent - distinct row from banks/indo/woori-saudara. Reachable via Wise and/or PandaRemit corridors from Indonesia. Auto-sourced via app-store.
banks/international/hk/hang-seng-bank,Hang Seng Bank,bank,International,hk,https://www.hangseng.com,,wordmark,Wordmark is the standard public mark,TBD (horizontal),TBD,,Needs Review,Reachable via Wise and/or PandaRemit corridors from Indonesia.
banks/international/hk/bank-of-china-hk,Bank of China (Hong Kong),bank,International,hk,https://www.bochk.com,,wordmark,Wordmark is the standard public mark,TBD (horizontal),TBD,,Needs Review,HK retail entity - distinct row from banks/indo/bank-of-china-indonesia. Reachable via Wise and/or PandaRemit corridors from Indonesia.
ewallets/international/paypal,PayPal,ewallet,International,,https://www.paypal.com,https://www.paypalobjects.com/marketing/web/icons/monogram/pp196.png,icon,"Standalone symbol, reads well compact","1.00:1 (square, 196x196)",has own baked-in background,assets/ewallets/international/paypal.png,Needs Review,Indonesia support unconfirmed - confirm on PayPal's own site before including. Auto-sourced via brand-site.
ewallets/international/wise,Wise,ewallet,International,,https://wise.com,https://wise.com/public-resources/assets/icons/wise-personal/safari_pinned_tab.svg,app-icon,App icon is the most recognised mark,"1.00:1 (square, 32x32)",vector (verify no baked-in background),assets/ewallets/international/wise.svg,Needs Review,Indonesia support unconfirmed - confirm IDR receive support on wise.com before including. Auto-sourced via brand-site.
ewallets/international/payoneer,Payoneer,ewallet,International,,https://www.payoneer.com,https://www.payoneer.com/wp-content/themes/payo/assets/img/favicons/apple-icon-152x152.png,wordmark,Wordmark is the standard public mark,"1.00:1 (square, 152x152)",transparent,assets/ewallets/international/payoneer.png,Needs Review,Indonesia support unconfirmed - confirm on payoneer.com before including. Auto-sourced via brand-site.
ewallets/international/skrill,Skrill,ewallet,International,,https://www.skrill.com,https://www.skrill.com/typo3conf/ext/sitepackage/Resources/Public/images/icons/Skrill_Logo_With_Tagline.svg,wordmark,Wordmark is the standard public mark,"3.07:1 (horizontal, 141x46)",vector (verify no baked-in background),assets/ewallets/international/skrill.svg,Needs Review,Indonesia support unconfirmed - Skrill country coverage changes; confirm before including. Auto-sourced via brand-site.
ewallets/international/western-union,Western Union,ewallet,International,,https://www.westernunion.com,https://www.westernunion.com/content/dam/wu/logo/logo.wu.big.svg,wordmark,Wordmark is the standard public mark,"4.41:1 (horizontal, 260x59)",vector (verify no baked-in background),assets/ewallets/international/western-union.svg,Needs Review,Long-established Indonesia corridor; confirm on WU site. Also now owner of Singapore's Dash (see sea/sg/dash). Auto-sourced via brand-site.
ewallets/international/moneygram,MoneyGram,ewallet,International,,https://www.moneygram.com,https://www.moneygram.com/_next/static/media/tiktok_logo_inverse.c05a617f.svg,wordmark,Wordmark is the standard public mark,"1:1.14 (vertical, 448x512)",vector (verify no baked-in background),assets/ewallets/international/moneygram.svg,Needs Review,Indonesia support unconfirmed - confirm before including. Auto-sourced via brand-site.
ewallets/international/worldremit,WorldRemit,ewallet,International,,https://www.worldremit.com,https://www.worldremit.com/web-cms-assets/next-assets/icons/favicon.svg,wordmark,Wordmark is the standard public mark,"1.00:1 (square, 32x32)",vector (verify no baked-in background),assets/ewallets/international/worldremit.svg,Needs Review,Indonesia support unconfirmed - confirm before including. Parent group also operates Zepz/Sendwave brands. Auto-sourced via brand-site.
ewallets/international/remitly,Remitly,ewallet,International,,https://www.remitly.com,https://media.remitly.io/remitly_logo_horizontal_white_tu.zrhAxFCrR5s4IlKb.svg,wordmark,Wordmark is the standard public mark,"4.21:1 (horizontal, 236x56)",vector (verify no baked-in background),assets/ewallets/international/remitly.svg,Needs Review,Indonesia support unconfirmed - confirm before including. Auto-sourced via brand-site.
ewallets/international/cn/alipay,Alipay,ewallet,International,cn,https://www.alipay.com,,app-icon,App icon is the most recognised mark,TBD (square),TBD,,Needs Review,Dominant China mobile wallet; PandaRemit and similar corridors deliver into it directly.
ewallets/international/cn/wechat-pay,WeChat Pay,ewallet,International,cn,https://pay.weixin.qq.com,,app-icon,App icon is the most recognised mark,TBD (square),TBD,,Needs Review,Dominant China mobile wallet alongside Alipay.
ewallets/international/gb/revolut,Revolut,ewallet,International,gb,https://www.revolut.com,https://assets.revolut.com/assets/favicons/safari-pinned-tab.svg,app-icon,App icon is the most recognised mark,"1.00:1 (square, 700x700)",vector (verify no baked-in background),assets/ewallets/international/gb/revolut.svg,Needs Review,UK-licensed digital bank/wallet; app icon is the recognised mark. Common Wise-adjacent receiving account in Europe. Auto-sourced via brand-site.
