# Manual URL pins, for rows where automatic resolution picks the wrong asset.
# Format:  <figma path><TAB><direct URL to the logo file>
# These take priority over every resolver, so a pinned row is fetched verbatim.
#
# Example:
payments/indo/telco-data/telkom-fixed-line	https://www.telkom.co.id/images/logo_horizontal.svg
payments/indo/internet-tv/cbn	https://storage.cybiteam.id/assets.cbn.id/logo_cbn_401c3be7af.png
payments/indo/internet-tv/first-media	https://upload.wikimedia.org/wikipedia/commons/8/8f/First_Media_logo.svg?utm_source=commons.wikimedia.org&utm_campaign=imageinfo&utm_content=original
payments/indo/internet-tv/k-vision	https://www.k-vision.tv/themes/kvision/images/k-vision-logo.png
payments/indo/internet-tv/mnc-vision	https://www.mncvision.id/logo250.png
payments/indo/internet-tv/transvision	https://www.transvision.co.id/img/icons/transvision_color.png
payments/indo/utilities-bills/pgn	https://upload.wikimedia.org/wikipedia/commons/d/d2/Logo_Pertamina_Gas_Negara.svg?utm_source=commons.wikimedia.org&utm_campaign=imageinfo&utm_content=original
payments/indo/utilities-bills/pegadaian	https://commons.wikimedia.org/wiki/Special:FilePath/Pegadaian_logo_%282013%29.svg
payments/indo/finance-insurance/aeon	https://www.aeon.co.id/img/brand-logo.svg
payments/indo/finance-insurance/bfi-finance	https://www.bfi.co.id/static/images/logo-bfi.png
payments/indo/finance-insurance/mega-finance	https://www.megafinance.co.id/wp-content/uploads/2023/10/Logo-Mega-Finance.png
payments/indo/finance-insurance/oto-kredit-motor	https://asset.oto.co.id/external/cfind/source/images/general/oto-logo.svg
payments/indo/finance-insurance/oto-kredit-mobil	https://asset.oto.co.id/external/cfind/source/images/general/oto-logo.svg
payments/indo/finance-insurance/suzuki-finance	https://www.sfi.co.id/assets/images/logo1.png
payments/indo/finance-insurance/prudential	https://www.prudential.co.id/content/dam/prudential-aem-common/header/Prudential-Logo.svg
payments/indo/government-public/samsat-jatim	https://bapenda.jatimprov.go.id/themes/tailwind/bapenda/images/logo-1.png
payments/indo/government-public/samsat-jateng	https://samsat.jatengprov.go.id/codebase/assets/img/logo_instansi.png?p=20260814133213
payments/indo/government-public/samsat-jabar	https://bapenda.jabarprov.go.id/wp-content/uploads/2021/01/Logo-Bapenda-Jabar.png
payments/indo/government-public/samsat-banten	https://bapenda.bantenprov.go.id/storage/bapenda/website_logo-d470d15d-dd71-444f-9a2a-1b972db8cfaa.png
payments/indo/government-public/samsat-sumut	https://bapenda.sumutprov.go.id/images/logo/1673795827logo%203x2.png
payments/indo/education-invoicing/spil	https://www.spil.co.id/spil_logo.svg
payments/indo/education-invoicing/paper-id	https://paper.id/assets/images/seo/paper-logo-light.svg
minimarkets/indo/alfamidi	https://www.alfamidiku.com/assets/images/logo.png
ecommerce/indo/alfagift	https://static-content.alfagift.id/static/logo-alfagift.png
ecommerce/indo/klik-indomaret	https://www.indomaret.co.id/wp-content/uploads/2025/02/logos/klik-idm.png
# banks/indo/bca	https://www.bca.co.id/-/media/Feature/Header/HeaderLogo/logo-bca.svg
payments/indo/telco-data/telkomsel	https://www.telkomsel.com/sites/default/files/asset/fullhtml/img/gallery/telkomsel/telkomsel-br_0.png
payments/indo/telco-data/indosat	https://im3-img.indosatooredoo.com/indosatassets/images/logo_Personal_IM3.svg
payments/indo/telco-data/axis	https://axis.co.id/img/common/logo.svg
payments/indo/telco-data/tri	https://tri.co.id/assets/image/logo_tri_black.png
payments/indo/telco-data/by-u	https://assets.zonalogo.com/telecommunications/byu.id/logo-1773535654415-446.svg
payments/indo/internet-tv/biznet	https://www.biznetnetworks.com/wp-content/uploads/2024/05/LogoBiznet.png
payments/indo/internet-tv/myrepublic	https://assets.zonalogo.com/telecommunications/myrepublic.co.id/logo-1773536744323-435.svg
payments/indo/internet-tv/xl-satu	https://static.ext.dp.xl.co.id/corpweb/pub-xlaxiata/2019-03/xl-logo.png
payments/indo/telco-data/xl	https://static.ext.dp.xl.co.id/corpweb/pub-xlaxiata/2019-03/xl-logo.png
payments/indo/e-money/mandiri-emoney	https://assets.xlogo.org/brands/mandiri-e-money/logo-dark-1777198000447.svg
payments/indo/e-money/bni-tapcash	https://assets.xlogo.org/brands/tapcash/logo-dark-1777194998376.svg
payments/indo/e-money/flazz-bca	https://assets.xlogo.org/brands/flazz-bca/logo-dark-1777261114673.svg
payments/indo/streaming-subscriptions/netflix	https://cdn.simpleicons.org/netflix/E50914
payments/indo/streaming-subscriptions/spotify	https://cdn.simpleicons.org/spotify/1ED760
payments/indo/streaming-subscriptions/disney-plus	https://upload.wikimedia.org/wikipedia/commons/3/3e/Disney%2B_logo.svg
payments/indo/streaming-subscriptions/youtube-premium	https://cdn.simpleicons.org/youtube/FF0000
payments/indo/streaming-subscriptions/apple-services	https://cdn.simpleicons.org/apple/000000
payments/indo/streaming-subscriptions/vidio	https://commons.wikimedia.org/wiki/Special:FilePath/Vidio_logo.svg
payments/indo/streaming-subscriptions/iqiyi	https://commons.wikimedia.org/wiki/Special:FilePath/IQIYI_logo_%282022%29.svg
payments/indo/streaming-subscriptions/tiktok-live	https://cdn.simpleicons.org/tiktok/000000
payments/indo/streaming-subscriptions/poppo-live	https://www.poppo.com/_nuxt/logo-big.CDAjpN2D.png
payments/indo/streaming-subscriptions/idn-app	https://www.idn.app/img/logo-idn.png
payments/indo/streaming-subscriptions/bstation-bilibili	https://p.bstarstatic.com/fe-static/bstar-web/assets/top_logo.svg
payments/indo/streaming-subscriptions/wetv	https://commons.wikimedia.org/wiki/Special:FilePath/Wetv-2024.svg
payments/indo/streaming-subscriptions/bigo-live	https://www.bigo.tv/_nuxt_cdn_/img/logo-b.4bcead.png
payments/indo/streaming-subscriptions/chamet	https://www.chamet.com/_nuxt/all_tab_logo.DlC3bfj3.webp
payments/indo/streaming-subscriptions/folaplay	https://folaplay.com/static/img/logo.ico
payments/indo/games-vouchers/football-master-2	https://fm2.galasports.com/static/image/page1/logo.png
payments/indo/games-vouchers/magic-chess-go-go	https://assets.zonalogo.com/gaming/magicchessgogo.com/logo-1776816953538-971.png
payments/indo/games-vouchers/football-dream-be-a-pro	https://play-lh.googleusercontent.com/pR_WlgPE43YqrOV5UoktRZVUlKlTdA0SCjExjJhvm9rf5Z4VxRj7uWjawlRaOGxGd8Fs7x4rjtdoDHiEJy1d
payments/indo/games-vouchers/free-fire	https://dl.dir.freefiremobile.com/common/test/official/FREE_FIRE_LOGO.PNG.png
payments/indo/games-vouchers/free-fire-max	https://dl.dir.freefiremobile.com/common/test/official/FREE_FIRE_MAX_LOGO.PNG.png
payments/indo/games-vouchers/roblox	https://cdn.simpleicons.org/roblox/000000
payments/indo/games-vouchers/mobile-legends	https://images.seeklogo.com/logo-png/39/1/mobile-legends-logo-png_seeklogo-391010.png
payments/indo/games-vouchers/valorant	https://cdn.simpleicons.org/valorant/FA4454
payments/indo/games-vouchers/efootball	https://upload.wikimedia.org/wikipedia/commons/e/ee/EFootball_logo.svg?utm_source=commons.wikimedia.org&utm_campaign=imageinfo&utm_content=original
payments/indo/games-vouchers/ea-sports-fc-mobile	https://drop-assets.ea.com/images/W0odcRcmHi3gGKFpYtaWC/cc1b3a4242e9c7db87ced75353047aa5/fc-mobile-nav-logo.png
payments/indo/games-vouchers/honor-of-kings	https://www.honorofkings.com/assets/logo_new-_iIcWxhS.png
payments/indo/games-vouchers/blood-strike	https://www.blood-strike.com/pc/gw/20230718104343//img/logo_810802e.png
payments/indo/games-vouchers/point-blank	https://www.pointblank.id/images/common/event/bi_pbbl_wh36.png
payments/indo/games-vouchers/steam	https://cdn.simpleicons.org/steam/171A21
payments/indo/games-vouchers/google-play	https://commons.wikimedia.org/wiki/Special:FilePath/Google_Play_2022_logo.svg
payments/indo/games-vouchers/psn	https://cdn.simpleicons.org/playstation/003791
payments/indo/games-vouchers/garena-shell	https://dl.dir.freefiremobile.com/common/web_event/official2/dist/client/img/garena_logo.b28b2b6.png
payments/indo/games-vouchers/nintendo-eshop-card	https://storemedia.nintendo.com/ui/images/logos/repair/logo-nintendo-01.svg
payments/indo/games-vouchers/geforce-now	https://cdn.simpleicons.org/nvidia/76B900
payments/indo/games-vouchers/megaxus-micash	https://www.megaxus.com/v15/imgbar/images/navbar/logo.png
payments/indo/games-vouchers/xbox-usa	https://upload.wikimedia.org/wikipedia/commons/9/98/Xbox_2019_Green_horizontal.svg?utm_source=commons.wikimedia.org&utm_campaign=imageinfo&utm_content=original
payments/indo/games-vouchers/pc-game-pass	https://www.svgrepo.com/show/520370/xbox-gamepass.svg
payments/indo/games-vouchers/dark-souls-iii	https://assets.stickpng.com/images/58f3626aa4fa116215a923cd.png
payments/indo/games-vouchers/battlefield-6	https://images.seeklogo.com/logo-png/62/2/battlefield-6-logo-png_seeklogo-626277.png
payments/indo/games-vouchers/battlefield-v	https://images.ctfassets.net/seegk6e7ypwi/1h5KZqd3p7N7SjRyZC7s7q/655b52a7099f67cb186251331273add5/battlefield-v-product-logo.svg
payments/indo/games-vouchers/battlefield-1	https://images.ctfassets.net/seegk6e7ypwi/5tQTpnceJgAh4H0NhCM9VR/3b7226c5ce05c40b89d436f410dcf406/battlefield-1-product-logo.png
payments/indo/games-vouchers/battlefield-4	https://images.ctfassets.net/seegk6e7ypwi/2KugN4XyFSLBvLTHyemuVI/83a390650fea280e49120a0afea0d688/battlefield-4-product-logo.png
payments/indo/games-vouchers/demon-slayer-hinokami	https://commons.wikimedia.org/wiki/Special:FilePath/Kimetsu%20no%20Yaiba%20logo.svg
payments/indo/games-vouchers/f1-manager-2024	https://www.f1manager.com/_nuxt/img/f1m2024-logo-primary-micro.1caeacb.svg
payments/indo/utilities-bills/pln	https://upload.wikimedia.org/wikipedia/commons/2/20/Logo_PLN.svg?utm_source=commons.wikimedia.org&utm_campaign=imageinfo&utm_content=original
payments/indo/games-vouchers/pubg-mobile	https://crystalpng.com/wp-content/uploads/2025/09/Pubg-Logo.png
payments/indo/games-vouchers/genshin-impact	https://cdn2.steamgriddb.com/logo/944eefd22dfe99fe7631b8ecc732c7cf.png
payments/indo/games-vouchers/marvel-rivals	https://upload.wikimedia.org/wikipedia/commons/4/4f/Logo_Marvel_Rivals.svg?utm_source=commons.wikimedia.org&utm_campaign=imageinfo&utm_content=original
payments/indo/games-vouchers/dead-by-daylight	https://images.seeklogo.com/logo-png/46/2/dead-by-daylight-logo-png_seeklogo-468422.png
payments/indo/zakat-donations/baznas	https://baznas.go.id/assets/images/logo_baznas_mobile.png
